Workbook

Sheet Resumen
A1: Matriz de pruebas de QA
A2: Laboratorio 1: Implementación de Monolito con patrón MVC y DAO (Arquitectura de Software, Pontificia Universidad Javeriana)
A3: Responsable de QA: Santiago Hernández. Versión inicial: 26/10/2026.
A5: Indicadores generales
A6: Casos de prueba | B6: =COUNTA('Casos de prueba'!$A$2:$A$500) -> 165
A7: Aprobados | B7: =COUNTIF('Casos de prueba'!$K$2:$K$500,"Aprobado") -> 150
A8: Fallidos | B8: =COUNTIF('Casos de prueba'!$K$2:$K$500,"Fallido") -> 13
A9: Bloqueados | B9: =COUNTIF('Casos de prueba'!$K$2:$K$500,"Bloqueado") -> 2
A10: Pendientes | B10: =COUNTIF('Casos de prueba'!$K$2:$K$500,"Pendiente") -> 0
A11: No aplica | B11: =COUNTIF('Casos de prueba'!$K$2:$K$500,"No aplica") -> 0
A12: Avance de ejecución | B12: =IFERROR((B7+B8)/(B6-B11),0) -> 0.98787879
A13: Tasa de aprobación (sobre ejecutados) | B13: =IFERROR(B7/(B7+B8),0) -> 0.9202454
A14: Defectos registrados | B14: =COUNTIF(Defectos!$A$2:$A$500,"DEF-*") -> 11
A15: Defectos abiertos | B15: =COUNTIFS(Defectos!$A$2:$A$500,"DEF-*",Defectos!$J$2:$J$500,"Abierto")+COUNTIFS(Defectos!$A$2:$A$500,"DEF-*",Defectos!$J$2:$J$500,"En corrección") -> 2
A18: Cobertura por área
A19: Área | B19: Total | C19: Aprobados | D19: Fallidos | E19: Pendientes | F19: Bloqueados | G19: % aprobado
A20: Base de datos | B20: =COUNTIF('Casos de prueba'!$C$2:$C$500,A20) -> 25 | C20: =COUNTIFS('Casos de prueba'!$C$2:$C$500,A20,'Casos de prueba'!$K$2:$K$500,"Aprobado") -> 23 | D20: =COUNTIFS('Casos de prueba'!$C$2:$C$500,A20,'Casos de prueba'!$K$2:$K$500,"Fallido") -> 1 | E20: =COUNTIFS('Casos de prueba'!$C$2:$C$500,A20,'Casos de prueba'!$K$2:$K$500,"Pendiente") -> 0 | F20: =COUNTIFS('Casos de prueba'!$C$2:$C$500,A20,'Casos de prueba'!$K$2:$K$500,"Bloqueado") -> 1 | G20: =IFERROR(C20/B20,0) -> 0.92
A21: Backend y DAO | B21: =COUNTIF('Casos de prueba'!$C$2:$C$500,A21) -> 9 | C21: =COUNTIFS('Casos de prueba'!$C$2:$C$500,A21,'Casos de prueba'!$K$2:$K$500,"Aprobado") -> 8 | D21: =COUNTIFS('Casos de prueba'!$C$2:$C$500,A21,'Casos de prueba'!$K$2:$K$500,"Fallido") -> 1 | E21: =COUNTIFS('Casos de prueba'!$C$2:$C$500,A21,'Casos de prueba'!$K$2:$K$500,"Pendiente") -> 0 | F21: =COUNTIFS('Casos de prueba'!$C$2:$C$500,A21,'Casos de prueba'!$K$2:$K$500,"Bloqueado") -> 0 | G21: =IFERROR(C21/B21,0) -> 0.88888889
A22: API REST | B22: =COUNTIF('Casos de prueba'!$C$2:$C$500,A22) -> 62 | C22: =COUNTIFS('Casos de prueba'!$C$2:$C$500,A22,'Casos de prueba'!$K$2:$K$500,"Aprobado") -> 61 | D22: =COUNTIFS('Casos de prueba'!$C$2:$C$500,A22,'Casos de prueba'!$K$2:$K$500,"Fallido") -> 1 | E22: =COUNTIFS('Casos de prueba'!$C$2:$C$500,A22,'Casos de prueba'!$K$2:$K$500,"Pendiente") -> 0 | F22: =COUNTIFS('Casos de prueba'!$C$2:$C$500,A22,'Casos de prueba'!$K$2:$K$500,"Bloqueado") -> 0 | G22: =IFERROR(C22/B22,0) -> 0.98387097
A23: Swagger | B23: =COUNTIF('Casos de prueba'!$C$2:$C$500,A23) -> 9 | C23: =COUNTIFS('Casos de prueba'!$C$2:$C$500,A23,'Casos de prueba'!$K$2:$K$500,"Aprobado") -> 8 | D23: =COUNTIFS('Casos de prueba'!$C$2:$C$500,A23,'Casos de prueba'!$K$2:$K$500,"Fallido") -> 1 | E23: =COUNTIFS('Casos de prueba'!$C$2:$C$500,A23,'Casos de prueba'!$K$2:$K$500,"Pendiente") -> 0 | F23: =COUNTIFS('Casos de prueba'!$C$2:$C$500,A23,'Casos de prueba'!$K$2:$K$500,"Bloqueado") -> 0 | G23: =IFERROR(C23/B23,0) -> 0.88888889
A24: Frontend MVC | B24: =COUNTIF('Casos de prueba'!$C$2:$C$500,A24) -> 40 | C24: =COUNTIFS('Casos de prueba'!$C$2:$C$500,A24,'Casos de prueba'!$K$2:$K$500,"Aprobado") -> 34 | D24: =COUNTIFS('Casos de prueba'!$C$2:$C$500,A24,'Casos de prueba'!$K$2:$K$500,"Fallido") -> 6 | E24: =COUNTIFS('Casos de prueba'!$C$2:$C$500,A24,'Casos de prueba'!$K$2:$K$500,"Pendiente") -> 0 | F24: =COUNTIFS('Casos de prueba'!$C$2:$C$500,A24,'Casos de prueba'!$K$2:$K$500,"Bloqueado") -> 0 | G24: =IFERROR(C24/B24,0) -> 0.85
A25: Integración | B25: =COUNTIF('Casos de prueba'!$C$2:$C$500,A25) -> 8 | C25: =COUNTIFS('Casos de prueba'!$C$2:$C$500,A25,'Casos de prueba'!$K$2:$K$500,"Aprobado") -> 8 | D25: =COUNTIFS('Casos de prueba'!$C$2:$C$500,A25,'Casos de prueba'!$K$2:$K$500,"Fallido") -> 0 | E25: =COUNTIFS('Casos de prueba'!$C$2:$C$500,A25,'Casos de prueba'!$K$2:$K$500,"Pendiente") -> 0 | F25: =COUNTIFS('Casos de prueba'!$C$2:$C$500,A25,'Casos de prueba'!$K$2:$K$500,"Bloqueado") -> 0 | G25: =IFERROR(C25/B25,0) -> 1
A26: Repositorio y entrega | B26: =COUNTIF('Casos de prueba'!$C$2:$C$500,A26) -> 12 | C26: =COUNTIFS('Casos de prueba'!$C$2:$C$500,A26,'Casos de prueba'!$K$2:$K$500,"Aprobado") -> 8 | D26: =COUNTIFS('Casos de prueba'!$C$2:$C$500,A26,'Casos de prueba'!$K$2:$K$500,"Fallido") -> 3 | E26: =COUNTIFS('Casos de prueba'!$C$2:$C$500,A26,'Casos de prueba'!$K$2:$K$500,"Pendiente") -> 0 | F26: =COUNTIFS('Casos de prueba'!$C$2:$C$500,A26,'Casos de prueba'!$K$2:$K$500,"Bloqueado") -> 1 | G26: =IFERROR(C26/B26,0) -> 0.66666667
A27: Total | B27: =SUM(B20:B26) -> 165 | C27: =SUM(C20:C26) -> 150 | D27: =SUM(D20:D26) -> 13 | E27: =SUM(E20:E26) -> 0 | F27: =SUM(F20:F26) -> 2 | G27: =IFERROR(C27/B27,0) -> 0.90909091
A30: Guía de uso
A31: Celdas editables | B31: Las celdas con fondo amarillo claro se llenan al ejecutar cada caso: Estado, Resultado obtenido, Evidencia, Fecha, Responsable y Observaciones. Todos los totales de esta hoja se calculan solos.
A32: Estados | B32: Pendiente (valor inicial), Aprobado, Fallido, Bloqueado (no se pudo ejecutar por un impedimento) y No aplica (el caso no corresponde a la entrega).
A33: Ejemplo de llenado | B33: Resultado obtenido: HTTP 201, cabecera Location presente y registro visible en la base de datos. Estado: Aprobado. Evidencia: EV-API-PER-04.png. Fecha: 27/10/2026.
A34: Casos fallidos | B34: Registrar el defecto en la hoja Defectos con identificador DEF-01, DEF-02, etc., indicando el caso asociado. La fila EJEMPLO no se cuenta en los indicadores.
A35: Origen de los requisitos | B35: El enunciado formal del laboratorio no estuvo disponible. Los requisitos R01 a R12 se derivaron del reparto de roles, el documento del laboratorio, las diapositivas 8.1 y 8.2 y el DDL original en MySQL. Conviene compararlos con el enunciado oficial y ajustar la hoja Requisitos si hay diferencias.
A36: Datos de prueba | B36: Los casos que hablan de registros existentes usan los datos del DML entregado por el equipo. Si el DML cambia, deben ajustarse las claves usadas en las pruebas.

Sheet Requisitos
A1: ID | B1: Requisito | C1: Fuente | D1: Responsable | E1: Casos asociados | F1: Aprobados | G1: Fallidos | H1: Pendientes | I1: Cobertura
A2: R01 | B2: Adaptar el modelo MySQL a SQL Server: 4 tablas (persona, telefono, profesion, estudios) con claves y relaciones (DDL). | C2: Reparto de roles, ítem 1; script persona_ddl_mysql.sql | D2: Tomás | E2: =COUNTIF('Casos de prueba'!$B$2:$B$500,A2) -> 8 | F2: =COUNTIFS('Casos de prueba'!$B$2:$B$500,A2,'Casos de prueba'!$K$2:$K$500,"Aprobado") -> 6 | G2: =COUNTIFS('Casos de prueba'!$B$2:$B$500,A2,'Casos de prueba'!$K$2:$K$500,"Fallido") -> 1 | H2: =COUNTIFS('Casos de prueba'!$B$2:$B$500,A2,'Casos de prueba'!$K$2:$K$500,"Pendiente")+COUNTIFS('Casos de prueba'!$B$2:$B$500,A2,'Casos de prueba'!$K$2:$K$500,"Bloqueado") -> 1 | I2: =IF(E2=0,"Sin casos",IF(G2>0,"Con fallos",IF(F2=E2,"Cumplido","En curso"))) -> Con fallos
A3: R02 | B3: Preparar el DML con datos de prueba para las 4 tablas. | C3: Reparto de roles, ítem 1 | D3: Tomás | E3: =COUNTIF('Casos de prueba'!$B$2:$B$500,A3) -> 3 | F3: =COUNTIFS('Casos de prueba'!$B$2:$B$500,A3,'Casos de prueba'!$K$2:$K$500,"Aprobado") -> 3 | G3: =COUNTIFS('Casos de prueba'!$B$2:$B$500,A3,'Casos de prueba'!$K$2:$K$500,"Fallido") -> 0 | H3: =COUNTIFS('Casos de prueba'!$B$2:$B$500,A3,'Casos de prueba'!$K$2:$K$500,"Pendiente")+COUNTIFS('Casos de prueba'!$B$2:$B$500,A3,'Casos de prueba'!$K$2:$K$500,"Bloqueado") -> 0 | I3: =IF(E3=0,"Sin casos",IF(G3>0,"Con fallos",IF(F3=E3,"Cumplido","En curso"))) -> Cumplido
A4: R03 | B4: Configurar .NET y Entity Framework (Database First) con la cadena de conexión a SQL Server. | C4: Reparto de roles, ítem 2; diapositivas 8.1 y 8.2 | D4: Tomás | E4: =COUNTIF('Casos de prueba'!$B$2:$B$500,A4) -> 5 | F4: =COUNTIFS('Casos de prueba'!$B$2:$B$500,A4,'Casos de prueba'!$K$2:$K$500,"Aprobado") -> 4 | G4: =COUNTIFS('Casos de prueba'!$B$2:$B$500,A4,'Casos de prueba'!$K$2:$K$500,"Fallido") -> 1 | H4: =COUNTIFS('Casos de prueba'!$B$2:$B$500,A4,'Casos de prueba'!$K$2:$K$500,"Pendiente")+COUNTIFS('Casos de prueba'!$B$2:$B$500,A4,'Casos de prueba'!$K$2:$K$500,"Bloqueado") -> 0 | I4: =IF(E4=0,"Sin casos",IF(G4>0,"Con fallos",IF(F4=E4,"Cumplido","En curso"))) -> Con fallos
A5: R04 | B5: Desarrollar las interfaces y los repositorios DAO para las 4 entidades. | C5: Reparto de roles, ítem 2; documento del laboratorio, sec. 1.3 | D5: Tomás | E5: =COUNTIF('Casos de prueba'!$B$2:$B$500,A5) -> 3 | F5: =COUNTIFS('Casos de prueba'!$B$2:$B$500,A5,'Casos de prueba'!$K$2:$K$500,"Aprobado") -> 3 | G5: =COUNTIFS('Casos de prueba'!$B$2:$B$500,A5,'Casos de prueba'!$K$2:$K$500,"Fallido") -> 0 | H5: =COUNTIFS('Casos de prueba'!$B$2:$B$500,A5,'Casos de prueba'!$K$2:$K$500,"Pendiente")+COUNTIFS('Casos de prueba'!$B$2:$B$500,A5,'Casos de prueba'!$K$2:$K$500,"Bloqueado") -> 0 | I5: =IF(E5=0,"Sin casos",IF(G5>0,"Con fallos",IF(F5=E5,"Cumplido","En curso"))) -> Cumplido
A6: R05 | B6: Exponer una API REST con operaciones CRUD (GET, POST, PUT, DELETE) para las 4 entidades. | C6: Reparto de roles, ítem 3; documento del laboratorio, sec. 1.5 | D6: Tomás | E6: =COUNTIF('Casos de prueba'!$B$2:$B$500,A6) -> 44 | F6: =COUNTIFS('Casos de prueba'!$B$2:$B$500,A6,'Casos de prueba'!$K$2:$K$500,"Aprobado") -> 44 | G6: =COUNTIFS('Casos de prueba'!$B$2:$B$500,A6,'Casos de prueba'!$K$2:$K$500,"Fallido") -> 0 | H6: =COUNTIFS('Casos de prueba'!$B$2:$B$500,A6,'Casos de prueba'!$K$2:$K$500,"Pendiente")+COUNTIFS('Casos de prueba'!$B$2:$B$500,A6,'Casos de prueba'!$K$2:$K$500,"Bloqueado") -> 0 | I6: =IF(E6=0,"Sin casos",IF(G6>0,"Con fallos",IF(F6=E6,"Cumplido","En curso"))) -> Cumplido
A7: R06 | B7: Integrar Swagger para documentar y probar los endpoints. | C7: Reparto de roles, ítem 3 | D7: Tomás | E7: =COUNTIF('Casos de prueba'!$B$2:$B$500,A7) -> 9 | F7: =COUNTIFS('Casos de prueba'!$B$2:$B$500,A7,'Casos de prueba'!$K$2:$K$500,"Aprobado") -> 8 | G7: =COUNTIFS('Casos de prueba'!$B$2:$B$500,A7,'Casos de prueba'!$K$2:$K$500,"Fallido") -> 1 | H7: =COUNTIFS('Casos de prueba'!$B$2:$B$500,A7,'Casos de prueba'!$K$2:$K$500,"Pendiente")+COUNTIFS('Casos de prueba'!$B$2:$B$500,A7,'Casos de prueba'!$K$2:$K$500,"Bloqueado") -> 0 | I7: =IF(E7=0,"Sin casos",IF(G7>0,"Con fallos",IF(F7=E7,"Cumplido","En curso"))) -> Con fallos
A8: R07 | B8: Crear vistas y controladores MVC para consultar, registrar, editar y eliminar información de las 4 entidades. | C8: Reparto de roles, ítem 4; diapositivas 8.1 y 8.2 | D8: Andrés | E8: =COUNTIF('Casos de prueba'!$B$2:$B$500,A8) -> 27 | F8: =COUNTIFS('Casos de prueba'!$B$2:$B$500,A8,'Casos de prueba'!$K$2:$K$500,"Aprobado") -> 21 | G8: =COUNTIFS('Casos de prueba'!$B$2:$B$500,A8,'Casos de prueba'!$K$2:$K$500,"Fallido") -> 6 | H8: =COUNTIFS('Casos de prueba'!$B$2:$B$500,A8,'Casos de prueba'!$K$2:$K$500,"Pendiente")+COUNTIFS('Casos de prueba'!$B$2:$B$500,A8,'Casos de prueba'!$K$2:$K$500,"Bloqueado") -> 0 | I8: =IF(E8=0,"Sin casos",IF(G8>0,"Con fallos",IF(F8=E8,"Cumplido","En curso"))) -> Con fallos
A9: R08 | B9: Conectar las vistas con el backend (DAO y base de datos). | C9: Reparto de roles, ítem 5 | D9: Andrés | E9: =COUNTIF('Casos de prueba'!$B$2:$B$500,A9) -> 7 | F9: =COUNTIFS('Casos de prueba'!$B$2:$B$500,A9,'Casos de prueba'!$K$2:$K$500,"Aprobado") -> 7 | G9: =COUNTIFS('Casos de prueba'!$B$2:$B$500,A9,'Casos de prueba'!$K$2:$K$500,"Fallido") -> 0 | H9: =COUNTIFS('Casos de prueba'!$B$2:$B$500,A9,'Casos de prueba'!$K$2:$K$500,"Pendiente")+COUNTIFS('Casos de prueba'!$B$2:$B$500,A9,'Casos de prueba'!$K$2:$K$500,"Bloqueado") -> 0 | I9: =IF(E9=0,"Sin casos",IF(G9>0,"Con fallos",IF(F9=E9,"Cumplido","En curso"))) -> Cumplido
A10: R09 | B10: Respetar las relaciones entre tablas y las validaciones (p. ej. no guardar un teléfono de una persona inexistente). | C10: Documento del laboratorio, sec. 1.4 y 2.1 | D10: Equipo | E10: =COUNTIF('Casos de prueba'!$B$2:$B$500,A10) -> 46 | F10: =COUNTIFS('Casos de prueba'!$B$2:$B$500,A10,'Casos de prueba'!$K$2:$K$500,"Aprobado") -> 45 | G10: =COUNTIFS('Casos de prueba'!$B$2:$B$500,A10,'Casos de prueba'!$K$2:$K$500,"Fallido") -> 1 | H10: =COUNTIFS('Casos de prueba'!$B$2:$B$500,A10,'Casos de prueba'!$K$2:$K$500,"Pendiente")+COUNTIFS('Casos de prueba'!$B$2:$B$500,A10,'Casos de prueba'!$K$2:$K$500,"Bloqueado") -> 0 | I10: =IF(E10=0,"Sin casos",IF(G10>0,"Con fallos",IF(F10=E10,"Cumplido","En curso"))) -> Con fallos
A11: R10 | B11: Repositorio público personapi-dotnet con README, instrucciones de despliegue y TAG de entrega. | C11: Documento del laboratorio, sec. 3.8 | D11: Equipo | E11: =COUNTIF('Casos de prueba'!$B$2:$B$500,A11) -> 9 | F11: =COUNTIFS('Casos de prueba'!$B$2:$B$500,A11,'Casos de prueba'!$K$2:$K$500,"Aprobado") -> 7 | G11: =COUNTIFS('Casos de prueba'!$B$2:$B$500,A11,'Casos de prueba'!$K$2:$K$500,"Fallido") -> 1 | H11: =COUNTIFS('Casos de prueba'!$B$2:$B$500,A11,'Casos de prueba'!$K$2:$K$500,"Pendiente")+COUNTIFS('Casos de prueba'!$B$2:$B$500,A11,'Casos de prueba'!$K$2:$K$500,"Bloqueado") -> 1 | I11: =IF(E11=0,"Sin casos",IF(G11>0,"Con fallos",IF(F11=E11,"Cumplido","En curso"))) -> Con fallos
A12: R11 | B12: Documento del laboratorio con marco conceptual, diseño de la arquitectura, procedimiento, pruebas y evidencias. | C12: Reparto de roles, ítems 6 y 9 | D12: Andrés / Santiago | E12: =COUNTIF('Casos de prueba'!$B$2:$B$500,A12) -> 3 | F12: =COUNTIFS('Casos de prueba'!$B$2:$B$500,A12,'Casos de prueba'!$K$2:$K$500,"Aprobado") -> 1 | G12: =COUNTIFS('Casos de prueba'!$B$2:$B$500,A12,'Casos de prueba'!$K$2:$K$500,"Fallido") -> 2 | H12: =COUNTIFS('Casos de prueba'!$B$2:$B$500,A12,'Casos de prueba'!$K$2:$K$500,"Pendiente")+COUNTIFS('Casos de prueba'!$B$2:$B$500,A12,'Casos de prueba'!$K$2:$K$500,"Bloqueado") -> 0 | I12: =IF(E12=0,"Sin casos",IF(G12>0,"Con fallos",IF(F12=E12,"Cumplido","En curso"))) -> Con fallos
A13: R12 | B13: Cumplir las restricciones tecnológicas: ASP.NET Core MVC en .NET, Entity Framework Core y SQL Server. | C13: Documento del laboratorio, sec. 2.2 y 3.1 | D13: Equipo | E13: =COUNTIF('Casos de prueba'!$B$2:$B$500,A13) -> 1 | F13: =COUNTIFS('Casos de prueba'!$B$2:$B$500,A13,'Casos de prueba'!$K$2:$K$500,"Aprobado") -> 1 | G13: =COUNTIFS('Casos de prueba'!$B$2:$B$500,A13,'Casos de prueba'!$K$2:$K$500,"Fallido") -> 0 | H13: =COUNTIFS('Casos de prueba'!$B$2:$B$500,A13,'Casos de prueba'!$K$2:$K$500,"Pendiente")+COUNTIFS('Casos de prueba'!$B$2:$B$500,A13,'Casos de prueba'!$K$2:$K$500,"Bloqueado") -> 0 | I13: =IF(E13=0,"Sin casos",IF(G13>0,"Con fallos",IF(F13=E13,"Cumplido","En curso"))) -> Cumplido

Sheet Casos de prueba
A1: ID | B1: Req. | C1: Área | D1: Entidad | E1: Tipo | F1: Prioridad | G1: Descripción | H1: Precondición | I1: Pasos y datos de entrada | J1: Resultado esperado | K1: Estado | L1: Resultado obtenido | M1: Evidencia | N1: Fecha | O1: Responsable | P1: Observaciones
A2: BD-01 | B2: R01 | C2: Base de datos | D2: General | E2: Funcional | F2: Alta | G2: Ejecución del DDL en una instancia limpia. | H2: SQL Server disponible y sin la base persona_db. | I2: Ejecutar el script DDL completo. | J2: El script termina sin errores y crea la base persona_db. | K2: Aprobado | L2: DDL ejecutado con código 0, sin mensajes de error; persona_db creada (propietario sa). | M2: EV-BD-01.txt | N2: 46322 | O2: Automatizado | P2: Ejecutado en SQL Server 2022 en Docker con el usuario sa, según la opción A del README.
A3: BD-02 | B3: R01 | C3: Base de datos | D3: General | E3: Funcional | F3: Alta | G3: Existencia de las 4 tablas del modelo. | H3: DDL ejecutado. | I3: Consultar INFORMATION_SCHEMA.TABLES de persona_db. | J3: Existen persona, telefono, profesion y estudios. | K3: Aprobado | L3: INFORMATION_SCHEMA.TABLES lista 4 de 4 tablas en dbo: estudios, persona, profesión, teléfono. | M3: EV-BD-02.txt | N3: 46322 | O3: Automatizado
A4: BD-03 | B4: R01 | C4: Base de datos | D4: General | E4: Funcional | F4: Alta | G4: Columnas y tipos equivalentes al modelo MySQL. | H4: DDL ejecutado. | I4: Comparar columnas contra el modelo: persona(cc, nombre, apellido, genero, edad), telefono(num, oper, duenio), profesion(id, nom, des), estudios(id_prof, cc_per, fecha, univer). | J4: Todas las columnas existen con tipo equivalente; genero restringido a M o F; des admite texto largo; fecha es de tipo fecha. | K4: Aprobado | L4: 15 columnas equivalentes al modelo MySQL: INT para cc/id/duenio/cc_per, VARCHAR con las mismas longitudes, genero CHAR(1) con CHECK ('M','F'), des VARCHAR(MAX), fecha DATE. | M4: EV-BD-03.txt | N4: 46322 | O4: Automatizado | P4: ENUM de MySQL reemplazado por CHAR(1) + CHECK y TEXT por VARCHAR(MAX). Las columnas de texto son VARCHAR (no Unicode); ver BD-23.
A5: BD-04 | B5: R01 | C5: Base de datos | D5: General | E5: Funcional | F5: Alta | G5: Claves primarias del modelo. | H5: DDL ejecutado. | I5: Consultar las restricciones PRIMARY KEY de cada tabla. | J5: persona(cc), profesion(id), telefono(num) y estudios(id_prof, cc_per) como clave compuesta. | K5: Aprobado | L5: PK_persona(cc), PK_profesion(id), PK_telefono(num) y PK_estudios(id_prof, cc_per) compuesta. | M5: EV-BD-04.txt | N5: 46322 | O5: Automatizado
A6: BD-05 | B6: R01 | C6: Base de datos | D6: Telefono | E6: Funcional | F6: Alta | G6: Clave foránea telefono.duenio hacia persona.cc. | H6: DDL ejecutado. | I6: Consultar las claves foráneas de telefono. | J6: Existe la relación de telefono.duenio con persona.cc. | K6: Aprobado | L6: FK_telefono_persona: telefono.duenio -> persona.cc. | M6: EV-BD-05.txt | N6: 46322 | O6: Automatizado
A7: BD-06 | B7: R01 | C7: Base de datos | D7: Estudio | E7: Funcional | F7: Alta | G7: Claves foráneas de estudios hacia persona y profesion. | H7: DDL ejecutado. | I7: Consultar las claves foráneas de estudios. | J7: estudios.cc_per referencia persona.cc y estudios.id_prof referencia profesion.id. | K7: Aprobado | L7: FK_estudios_persona: estudios.cc_per -> persona.cc; FK_estudios_profesion: estudios.id_prof -> profesion.id. | M7: EV-BD-06.txt | N7: 46322 | O7: Automatizado
A8: BD-07 | B8: R01 | C8: Base de datos | D8: General | E8: Compatibilidad | F8: Media | G8: Ejecución del DDL en distintos entornos de SQL Server (Express, LocalDB, Docker). | H8: Al menos dos entornos disponibles. | I8: Ejecutar el mismo script DDL, sin modificarlo, en cada entorno. | J8: El script se ejecuta sin cambios manuales en cada entorno; si requiere ajustes, quedan documentados en el README. | K8: Bloqueado | L8: Docker (sa): DDL sin cambios, código 0. Login sin sysadmin: código 1, falla en ALTER AUTHORIZATION. Express y LocalDB no disponibles en macOS. | M8: EV-BD-07.txt | N8: 46322 | O8: Automatizado | P8: Solo se pudo usar un entorno real (Docker). El documento (sec. 3.2) indica que en LocalDB se ejecuto el DDL quitando ALTER AUTHORIZATION ... TO sa, y el README no documenta ese ajuste. Falta repetirlo en Windows con LocalDB o Express. Defecto DEF-05. Re-prueba ronda 2 (28/10/2026, Pull Request #9, #10 y #11): Bloqueado. Evidencia en reprueba/ronda-2/EV-R2-BD-07.*.
A9: BD-08 | B9: R01 | C9: Base de datos | D9: General | E9: Funcional | F9: Media | G9: Re-ejecución del DDL con datos ya cargados. | H9: DDL y DML ejecutados. | I9: Ejecutar de nuevo el DDL y consultar el contenido de las tablas. | J9: El comportamiento (conservar o recrear las tablas) queda documentado y el DML permite restaurar los datos de prueba. | K9: Fallido | L9: El DDL termina con código 0, hace DROP TABLE de las 4 tablas y deja 0 registros (persona 5 -> 0). El DML restaura los 20 registros. El README no advierte que se borran los datos. | M9: EV-BD-08.txt | N9: 46322 | O9: Automatizado | P9: Propuesta: advertir en el README y en el encabezado del DDL que re-ejecutarlo elimina los datos, o usar IF OBJECT_ID(...) IS NULL CREATE TABLE. Defecto DEF-04. Re-prueba ronda 2 (28/10/2026, Pull Request #9, #10 y #11): Aprobado. Evidencia en reprueba/ronda-2/EV-R2-BD-08.*.
A10: BD-09 | B10: R02 | C10: Base de datos | D10: General | E10: Funcional | F10: Alta | G10: Ejecución del DML después del DDL. | H10: DDL ejecutado. | I10: Ejecutar el script DML completo. | J10: El script termina sin errores y no viola ninguna restricción. | K10: Aprobado | L10: DML ejecutado con código 0, sin violaciones de restricciones. | M10: EV-BD-09.txt | N10: 46322 | O10: Automatizado
A11: BD-10 | B11: R02 | C11: Base de datos | D11: General | E11: Funcional | F11: Alta | G11: Datos de prueba presentes en las 4 tablas. | H11: DML ejecutado. | I11: Ejecutar SELECT COUNT(*) en cada tabla. | J11: Las 4 tablas contienen registros y las cantidades coinciden con las del DML entregado. | K11: Aprobado | L11: persona 5, profesión 4, teléfono 5, estudios 6 (20 registros), igual al DML. | M11: EV-BD-10.txt | N11: 46322 | O11: Automatizado
A12: BD-11 | B12: R02 | C12: Base de datos | D12: General | E12: Integridad | F12: Media | G12: Ausencia de registros huérfanos tras el DML. | H12: DML ejecutado. | I12: Buscar con LEFT JOIN teléfonos sin persona y estudios sin persona o profesión. | J12: No existen teléfonos ni estudios huérfanos. | K12: Aprobado | L12: 0 teléfonos y 0 estudios huérfanos. | M12: EV-BD-11.txt | N12: 46322 | O12: Automatizado
A13: BD-12 | B13: R09 | C13: Base de datos | D13: Persona | E13: Negativa | F13: Alta | G13: Campos obligatorios de persona. | H13: DML ejecutado. | I13: Insertar personas omitiendo nombre, apellido o genero, una a la vez. | J13: Cada inserción es rechazada por la restricción NOT NULL. | K13: Aprobado | L13: sin nombre: rechazado; sin apellido: rechazado; sin genero: rechazado (Msg 515, NOT NULL). | M13: EV-BD-12.txt | N13: 46322 | O13: Automatizado
A14: BD-13 | B14: R09 | C14: Base de datos | D14: Persona | E14: Negativa | F14: Alta | G14: Restricción del campo genero. | H14: DML ejecutado. | I14: Insertar una persona con genero 'X'; luego una con 'M' y otra con 'F'. | J14: 'X' es rechazado; 'M' y 'F' son aceptados. | K14: Aprobado | L14: genero X: rechazado; genero M: aceptado; genero F: aceptado (Msg 547, CK_persona_genero). | M14: EV-BD-13.txt | N14: 46322 | O14: Automatizado
A15: BD-14 | B15: R09 | C15: Base de datos | D15: Persona | E15: Límite | F15: Media | G15: Campo edad opcional y sin valores negativos. | H15: DML ejecutado. | I15: Insertar una persona con edad NULL y otra con edad -1. | J15: La edad NULL es aceptada; la edad negativa es rechazada. | K15: Aprobado | L15: edad NULL: aceptado; edad -1: rechazado (CK_persona_edad). | M15: EV-BD-14.txt | N15: 46322 | O15: Automatizado | P15: La base no limita la edad máxima; el limite 0-150 solo existe en el DTO de la API.
A16: BD-15 | B16: R09 | C16: Base de datos | D16: General | E16: Negativa | F16: Alta | G16: Claves primarias duplicadas. | H16: DML ejecutado. | I16: Insertar un registro con la misma clave de uno existente en persona, telefono y profesion. | J16: Cada inserción es rechazada por violación de clave primaria. | K16: Aprobado | L16: persona 1001: rechazado; teléfono 3001112233: rechazado; profesión 1: rechazado (Msg 2627, PRIMARY KEY). | M16: EV-BD-15.txt | N16: 46322 | O16: Automatizado
A17: BD-16 | B17: R09 | C17: Base de datos | D17: Telefono | E17: Integridad | F17: Alta | G17: Teléfono asociado a una persona inexistente. | H17: DML ejecutado. | I17: Insertar un teléfono con duenio que no existe en persona. | J17: La inserción es rechazada por la clave foránea. | K17: Aprobado | L17: duenio 999999: rechazado (Msg 547, FK_telefono_persona). | M17: EV-BD-16.txt | N17: 46322 | O17: Automatizado
A18: BD-17 | B18: R09 | C18: Base de datos | D18: Estudio | E18: Integridad | F18: Alta | G18: Estudio asociado a persona o profesión inexistente. | H18: DML ejecutado. | I18: Insertar un estudio con cc_per inexistente y otro con id_prof inexistente. | J18: Ambas inserciones son rechazadas por las claves foráneas. | K18: Aprobado | L18: cc_per inexistente: rechazado; id_prof inexistente: rechazado (Msg 547, FK de estudios). | M18: EV-BD-17.txt | N18: 46322 | O18: Automatizado
A19: BD-18 | B19: R09 | C19: Base de datos | D19: Estudio | E19: Integridad | F19: Alta | G19: Clave primaria compuesta de estudios. | H19: DML ejecutado. | I19: Insertar un estudio con el par (id_prof, cc_per) ya existente; luego una persona con otra profesión y otra persona con la misma profesión. | J19: El par duplicado es rechazado; las combinaciones nuevas son aceptadas. | K19: Aprobado | L19: par (1,1001) duplicado: rechazado; persona 1001 con profesión 2: aceptado; profesión 1 con persona 1005: aceptado. | M19: EV-BD-18.txt | N19: 46322 | O19: Automatizado
A20: BD-19 | B20: R09 | C20: Base de datos | D20: Persona | E20: Integridad | F20: Alta | G20: Eliminación de una persona con teléfonos o estudios asociados. | H20: DML ejecutado. | I20: Ejecutar DELETE sobre una persona que tiene teléfonos y estudios. | J20: La eliminación es rechazada por la clave foránea y los datos permanecen. | K20: Aprobado | L20: DELETE persona 1001: rechazado (Msg 547); la persona 1001 permanece (1 fila). | M20: EV-BD-19.txt | N20: 46322 | O20: Automatizado
A21: BD-20 | B21: R09 | C21: Base de datos | D21: Profesion | E21: Integridad | F21: Alta | G21: Eliminación de una profesión con estudios asociados. | H21: DML ejecutado. | I21: Ejecutar DELETE sobre una profesión referenciada en estudios. | J21: La eliminación es rechazada por la clave foránea. | K21: Aprobado | L21: DELETE profesión 1: rechazado (Msg 547, FK_estudios_profesion). | M21: EV-BD-20.txt | N21: 46322 | O21: Automatizado
A22: BD-21 | B22: R09 | C22: Base de datos | D22: General | E22: Funcional | F22: Media | G22: Eliminación de registros sin dependientes. | H22: DML ejecutado. | I22: Crear y eliminar un teléfono, un estudio, una profesión sin estudios y una persona sin dependientes. | J22: Todas las eliminaciones se ejecutan correctamente. | K22: Aprobado | L22: Teléfono, estudio, profesión y persona temporales creados y eliminados sin errores. | M22: EV-BD-21.txt | N22: 46322 | O22: Automatizado
A23: BD-22 | B23: R09 | C23: Base de datos | D23: General | E23: Límite | F23: Media | G23: Longitudes máximas de los campos de texto. | H23: DML ejecutado. | I23: Insertar valores de longitud máxima y máxima + 1 en nombre (45), apellido (45), nom (90), univer (50), num (15) y oper (45). | J23: La longitud máxima es aceptada; el exceso es rechazado y no se trunca en silencio. | K23: Aprobado | L23: Longitud máxima aceptada y máxima + 1 rechazada (Msg 2628, truncamiento) en los 6 campos. | M23: EV-BD-22.txt | N23: 46322 | O23: Automatizado
A24: BD-23 | B24: R09 | C24: Base de datos | D24: Persona | E24: Límite | F24: Media | G24: Almacenamiento de tildes, ñ y otros caracteres del español. | H24: DML ejecutado. | I24: Insertar y consultar nombres como 'José Muñoz' y 'Ángela Peña'. | J24: Los caracteres se guardan y se leen sin alteración. | K24: Aprobado | L24: Se guardan y leen sin alteración: José Muñoz / Ángela Peña. | M24: EV-BD-23.txt | N24: 46322 | O24: Automatizado | P24: Columnas VARCHAR con collation SQL_Latin1_General_CP1_CI_AS (código de página 1252): tildes y ñ se conservan; caracteres fuera de 1252 se alteran ('Nguyễn' -> 'Nguy?n', 'Łukasz' -> 'Lukasz'). Mejora sugerida: NVARCHAR.
A25: BD-24 | B25: R09 | C25: Base de datos | D25: Persona | E25: Límite | F25: Media | G25: Rango numérico de la cédula (cc). | H25: DML ejecutado. | I25: Insertar cc = 2147483647 y cc = 2147483648; consultar el tipo de dato y evaluar si cubre cédulas de 10 dígitos. | J25: El límite del tipo de dato queda verificado y, si no cubre las cédulas esperadas, se registra como observación del modelo. | K25: Aprobado | L25: cc 2147483647: aceptado; cc 2147483648: rechazado; cc 1014857924 (10 dígitos): aceptado. Tipo INT (máximo 2.147.483.647). | M25: EV-BD-24.txt | N25: 46322 | O25: Automatizado | P25: El INT cubre las cédulas de 10 dígitos vigentes que empiezan por 1 (hasta 1.999.999.999) y equivale al INT(15) del modelo MySQL, que también es de 32 bits. No admite valores desde 2.147.483.648; si se requieren, conviene BIGINT o VARCHAR.
A26: BD-25 | B26: R09 | C26: Base de datos | D26: Estudio | E26: Límite | F26: Baja | G26: Validez de la fecha en estudios. | H26: DML ejecutado. | I26: Insertar fechas válidas, NULL y una fecha imposible (31 de febrero). | J26: Las fechas válidas y NULL son aceptadas; la fecha imposible es rechazada. | K26: Aprobado | L26: fecha 2020-02-29: aceptado; fecha NULL: aceptado; fecha 2026-02-31: rechazado (Msg 241, conversión de fecha). | M26: EV-BD-25.txt | N26: 46322 | O26: Automatizado | P26: Control adicional: la fecha futura 2099-01-01 es aceptada; no hay CHECK sobre fecha.
A27: BK-01 | B27: R12 | C27: Backend y DAO | D27: General | E27: Revisión | F27: Alta | G27: Versión de .NET y paquetes de Entity Framework Core. | H27: Código fuente disponible. | I27: Revisar el archivo del proyecto (TargetFramework y paquetes). | J27: El proyecto usa ASP.NET Core MVC y Entity Framework Core con SQL Server; la versión de .NET queda justificada frente al enunciado. | K27: Aprobado | L27: net6.0, Microsoft.NET.Sdk.Web (ASP.NET Core MVC), EF Core 6.0.36 con SqlServer y Design, Swashbuckle 6.5.0. El README justifica .NET 6 frente al 7 del stack del enunciado. | M27: EV-BK-01.txt | N27: 46322 | O27: Automatizado | P27: .NET 6 está fuera de soporte desde noviembre de 2024; con SDK recientes se emite la advertencia NETSDK1138. Regresión en feature/frontend-mvc (eea9ee8): mismo resultado.
A28: BK-02 | B28: R03 | C28: Backend y DAO | D28: General | E28: Funcional | F28: Alta | G28: Compilación de la solución. | H28: SDK de .NET instalado. | I28: Ejecutar dotnet build sobre la solución. | J28: La compilación termina con 0 errores; las advertencias quedan registradas. | K28: Aprobado | L28: dotnet build (SDK 6.0.428): código 0, 0 errores y 0 advertencias. | M28: EV-BK-02.txt | N28: 46322 | O28: Automatizado | P28: Regresión en feature/frontend-mvc (eea9ee8): mismo resultado.
A29: BK-03 | B29: R03 | C29: Backend y DAO | D29: General | E29: Funcional | F29: Alta | G29: Arranque de la aplicación y conexión a la base de datos. | H29: Base de datos creada y cadena de conexión configurada. | I29: Ejecutar la aplicación y abrir la página de inicio y un listado. | J29: La aplicación inicia, se conecta a persona_db y muestra datos. | K29: Aprobado | L29: La aplicación inicia en http://localhost:5025; la página de inicio responde 200 y el listado de personas 200 con 5 registros de persona_db. | M29: EV-BK-03.txt | N29: 46322 | O29: Automatizado | P29: Regresión en feature/frontend-mvc (eea9ee8): mismo resultado.
A30: BK-04 | B30: R03 | C30: Backend y DAO | D30: General | E30: Revisión | F30: Alta | G30: Mapeo de las 4 entidades en el contexto de Entity Framework. | H30: Código fuente disponible. | I30: Revisar el DbContext y las clases de entidad generadas (Database First). | J30: Las 4 entidades están mapeadas, con la clave compuesta en estudios y las relaciones definidas. | K30: Aprobado | L30: persona_dbContext mapea 4 entidades (Estudio, Persona, Profesion, Telefono), clave compuesta (IdProf, CcPer) y las 3 relaciones FK_estudios_persona, FK_estudios_profesion, FK_telefono_persona. | M30: EV-BK-04.txt | N30: 46322 | O30: Automatizado | P30: El DbSet de profesión se llama 'Profesions' (pluralización del scaffold); no afecta el funcionamiento. Regresión en feature/frontend-mvc (eea9ee8): mismo resultado.
A31: BK-05 | B31: R03 | C31: Backend y DAO | D31: General | E31: Configuración | F31: Media | G31: Cadena de conexión sobrescribible sin editar el código. | H31: Aplicación compilada. | I31: Definir la cadena de conexión mediante variable de entorno o archivo de configuración local y ejecutar. | J31: La aplicación usa la cadena indicada y no es necesario modificar el código fuente. | K31: Aprobado | L31: Con ConnectionStrings__PersonaDb apuntando a otra base, la aplicación devuelve la persona 7777 (200); la instancia con appsettings.json responde 404. No se modifico código. | M31: EV-BK-05.txt | N31: 46322 | O31: Automatizado | P31: Regresión en feature/frontend-mvc (eea9ee8): mismo resultado.
A32: BK-06 | B32: R04 | C32: Backend y DAO | D32: General | E32: Revisión | F32: Alta | G32: Una interfaz DAO por entidad con sus operaciones. | H32: Código fuente disponible. | I32: Revisar las interfaces de persona, telefono, profesion y estudios. | J32: Cada interfaz declara las operaciones de consultar todos, consultar uno, verificar existencia, crear, actualizar y eliminar. | K32: Aprobado | L32: 4 interfaces (IPersona, ITelefono, IProfesion, IEstudio) con las 6 operaciones: GetAllAsync, GetByIdAsync, ExistsAsync, AddAsync, UpdateAsync, DeleteAsync. | M32: EV-BK-06.txt | N32: 46322 | O32: Automatizado | P32: Regresión en feature/frontend-mvc (eea9ee8): mismo resultado.
A33: BK-07 | B33: R04 | C33: Backend y DAO | D33: General | E33: Revisión | F33: Alta | G33: Repositorios que implementan las interfaces y se inyectan por dependencias. | H33: Código fuente disponible. | I33: Revisar las clases de repositorio y el registro de servicios al iniciar la aplicación. | J33: Existe un repositorio por interfaz, registrado en la inyección de dependencias. | K33: Aprobado | L33: 4 repositorios implementan sus interfaces y están registrados como AddScoped en Program.cs. | M33: EV-BK-07.txt | N33: 46322 | O33: Automatizado | P33: Regresión en feature/frontend-mvc (eea9ee8): mismo resultado.
A34: BK-08 | B34: R04 | C34: Backend y DAO | D34: General | E34: Revisión | F34: Media | G34: Los controladores no acceden directamente al DbContext. | H34: Código fuente disponible. | I34: Buscar referencias al DbContext en controladores MVC y REST. | J34: Los controladores dependen de las interfaces DAO y no del DbContext. | K34: Aprobado | L34: Ninguno de los 5 controladores referencia el DbContext; dependen de las interfaces DAO. | M34: EV-BK-08.txt | N34: 46322 | O34: Automatizado | P34: Regresión en feature/frontend-mvc (eea9ee8): mismo resultado.
A35: BK-09 | B35: R03 | C35: Backend y DAO | D35: General | E35: Negativa | F35: Media | G35: Comportamiento con SQL Server no disponible. | H35: Aplicación en ejecución. | I35: Detener SQL Server y solicitar un listado en la vista y en la API. | J35: La aplicación responde con un error controlado, sin mostrar detalles internos ni credenciales. | K35: Fallido | L35: La vista responde 503 con la página 'No se pudo acceder a los registros' sin detalles. La API responde 500 (text/plain; charset=utf-8) con la traza de la excepción (SqlException, at ); no expone credenciales. | M35: EV-BK-09-vista.png, EV-BK-09.txt | N35: 46322 | O35: Automatizado | P35: Ejecutado como indica el README (dotnet run, entorno Development, página de excepciones del desarrollador). En Production la API devolveria la vista HTML /Home/Error. Propuesta: manejar el error en la API con ProblemDetails (503) en todos los entornos. Defecto DEF-03. Re-prueba ronda 2 (28/10/2026, Pull Request #9, #10 y #11): Aprobado. Evidencia en reprueba/ronda-2/EV-R2-BK-09.*.
... A96: API-GEN-05 | B96: R09 | C96: API REST | D96: General | E96: Concurrencia | F96: Media | G96: Dos creaciones simultáneas con la misma clave. | H96: API en ejecución. | I96: Enviar dos POST casi simultáneos con la misma clave a un mismo recurso. | J96: Uno responde 201 y el otro 409, sin error 500 y sin registros duplicados. | K96: Fallido | L96: 20 pares de POST simultáneos: 1 con [201, 409] y 19 con un 500 en el segundo; sin registros duplicados (0). | M96: EV-API-GEN-05.txt | N96: 46322 | O96: Automatizado | P96: El POST consulta ExistsAsync y luego inserta; si ambas solicitudes pasan la consulta, la segunda falla por PK y la excepción no se controla. Propuesta: capturar DbUpdateException (error 2627) y responder 409. Regresión en feature/frontend-mvc (eea9ee8): mismo resultado. Defecto DEF-01. Re-prueba ronda 2 (28/10/2026, Pull Request #9, #10 y #11): Aprobado. Evidencia en reprueba/ronda-2/EV-R2-API-GEN-05.*.
A97: API-GEN-06 | B97: R05 | C97: API REST | D97: General | E97: Funcional | F97: Alta | G97: Persistencia de los cambios hechos por la API. | H97: Registro creado por la API. | I97: Reiniciar la aplicación y consultar el registro. | J97: El registro sigue existiendo en la base de datos. | K97: Aprobado | L97: POST 201; tras detener y reiniciar la aplicación, GET /api/personas/2090 responde 200 con los mismos datos. | M97: EV-API-GEN-06.txt | N97: 46322 | O97: Automatizado
A98: SW-01 | B98: R06 | C98: Swagger | D98: General | E98: Funcional | F98: Alta | G98: Acceso a la interfaz de Swagger. | H98: Aplicación en ejecución. | I98: Abrir la ruta /swagger en el navegador. | J98: La interfaz carga sin errores. | K98: Aprobado | L98: /swagger responde 200 y Swagger UI muestra 20 operaciones; errores de consola: 0. | M98: EV-SW-01.png | N98: 46322 | O98: Automatizado | P98: Regresión en feature/frontend-mvc (eea9ee8): mismo resultado.
A99: SW-02 | B99: R06 | C99: Swagger | D99: General | E99: Funcional | F99: Alta | G99: Documentación de los endpoints de las 4 entidades. | H99: Swagger cargado. | I99: Revisar los recursos listados. | J99: Aparecen personas, teléfonos, profesiones y estudios con GET (lista y por clave), POST, PUT y DELETE. | K99: Aprobado | L99: Personas, Telefonos, Profesiones y Estudios con GET lista, GET por clave, POST, PUT y DELETE (20 operaciones). | M99: EV-SW-02.txt | N99: 46322 | O99: Automatizado | P99: Regresión en feature/frontend-mvc (eea9ee8): mismo resultado.
A100: SW-03 | B100: R06 | C100: Swagger | D100: General | E100: Funcional | F100: Alta | G100: Ejecución de GET desde Swagger (Try it out). | H100: Swagger cargado con datos de prueba. | I100: Ejecutar GET de la lista y de un registro en cada recurso. | J100: Cada solicitud responde con el código y el cuerpo esperados. | K100: Aprobado | L100: Try it out ejecuta los 8 GET (lista y por clave de cada recurso) con respuesta 200 y cuerpo JSON. | M100: EV-SW-03.png, EV-SW-03.txt | N100: 46322 | O100: Automatizado | P100: Regresión en feature/frontend-mvc (eea9ee8): mismo resultado.
A101: SW-04 | B101: R06 | C101: Swagger | D101: General | E101: Funcional | F101: Alta | G101: Ejecución de POST, PUT y DELETE desde Swagger. | H101: Swagger cargado. | I101: Crear, modificar y eliminar un registro de prueba en cada recurso desde la interfaz. | J101: Las operaciones funcionan y los cambios se reflejan en la base de datos. | K101: Aprobado | L101: En los 4 recursos: POST 201, PUT 204 con el cambio visible en persona_db, DELETE 204 y GET posterior 404. | M101: EV-SW-04-POST.png, EV-SW-04-DELETE.png, EV-SW-04.txt | N101: 46322 | O101: Automatizado | P101: Regresión en feature/frontend-mvc (eea9ee8): mismo resultado.
A102: SW-05 | B102: R06 | C102: Swagger | D102: General | E102: Funcional | F102: Media | G102: Esquemas de los modelos de datos. | H102: Swagger cargado. | I102: Revisar la sección de esquemas. | J102: Los modelos muestran todos sus campos, tipos y los campos obligatorios. | K102: Aprobado | L102: Los 4 DTO muestran todos sus campos con tipo; obligatorios: PersonaDto (nombre, apellido, genero), TelefonoDto (num, oper), ProfesionDto (nom). | M102: EV-SW-05.txt | N102: 46322 | O102: Automatizado | P102: Las claves enteras (cc, id, idProf, ccPer, duenio) no figuran como required aunque la API las exige (Range >= 1); fecha aparece como string/date-time. Las restricciones Range y StringLength si se publican. Regresión en feature/frontend-mvc (eea9ee8): mismo resultado.
A103: SW-06 | B103: R06 | C103: Swagger | D103: General | E103: Funcional | F103: Media | G103: Códigos de respuesta documentados. | H103: Swagger cargado. | I103: Comparar los códigos documentados de cada operación con los que devuelve la API. | J103: Los códigos documentados (200, 201, 204, 400, 404, 409) coinciden con los reales. | K103: Aprobado | L103: 46 solicitudes, una por código documentado en cada operación: 46 coinciden con la documentación. | M103: EV-SW-06.txt | N103: 46322 | O103: Automatizado | P103: Fuera de lo documentado: 405 en métodos no soportados y 500 en POST concurrentes con la misma clave (API-GEN-05). Regresión en feature/frontend-mvc (eea9ee8): mismo resultado.
A104: SW-07 | B104: R06 | C104: Swagger | D104: General | E104: Funcional | F104: Media | G104: Descripción OpenAPI generada. | H104: Aplicación en ejecución. | I104: Abrir el documento JSON de OpenAPI (swagger.json) y validarlo. | J104: El documento se descarga y es válido. | K104: Aprobado | L104: swagger.json se descarga (HTTP 200, OpenAPI 3.0.1) y openapi-spec-validator lo declara válido. | M104: EV-SW-07.txt | N104: 46322 | O104: Automatizado | P104: Regresión en feature/frontend-mvc (eea9ee8): mismo resultado.
A105: SW-08 | B105: R06 | C105: Swagger | D105: General | E105: Funcional | F105: Baja | G105: Alcance de la documentación. | H105: Swagger cargado. | I105: Revisar que solo aparezcan los endpoints de la API REST. | J105: Las acciones MVC que devuelven vistas no aparecen en Swagger. | K105: Aprobado | L105: Las 8 rutas documentadas empiezan por /api/; no aparecen acciones MVC. | M105: EV-SW-08.txt | N105: 46322 | O105: Automatizado | P105: Regresión en feature/frontend-mvc (eea9ee8): mismo resultado.
A106: SW-09 | B106: R06 | C106: Swagger | D106: General | E106: Funcional | F106: Baja | G106: Claridad de la documentación para un tercero. | H106: Swagger cargado. | I106: Revisar nombres, resúmenes y descripciones de los campos. | J106: Una persona ajena al proyecto puede entender y probar la API sin explicación adicional. | K106: Fallido | L106: Las 20 operaciones se agrupan por recurso y documentan sus códigos, pero ninguna tiene resumen ni descripción, y ninguna de las 15 propiedades de los DTO se describe. Campos como cc, ccPer, des, duenio, idProf, nom no se explican. | M106: EV-SW-01.png, EV-SW-09.txt | N106: 46322 | O106: Automatizado | P106: El código ya tiene 4 comentarios /// <summary> en los DTO, pero el proyecto no genera el archivo XML de documentación, por lo que Swagger no los muestra. Revisión asistida: confirmar el criterio con el responsable de QA. Defecto DEF-10. Re-prueba ronda 2 (28/10/2026, Pull Request #9, #10 y #11): Aprobado. Evidencia en reprueba/ronda-2/EV-R2-SW-09.*.
A107: MVC-PER-01 | B107: R07 | C107: Frontend MVC | D107: Persona | E107: Funcional | F107: Alta | G107: Listado de personas. | H107: Aplicación en ejecución con datos de prueba. | I107: Abrir el módulo Personas desde el menú. | J107: Se listan todos los registros con sus campos (cc, nombre, apellido, genero y edad); sin datos, la pantalla no muestra error. | K107: Fallido | L107: El menú abre /Personas; lista 5 registros (base: 5) con columnas Cédula, Nombre, Apellido, Género. | M107: EV-MVC-PER-01.png, EV-MVC-PER-01.txt | N107: 46322 | O107: Automatizado | P107: El listado no muestra la columna Edad; solo aparece en Detalles. El listado sin datos se revisa en MVC-GEN (base vacía). Defecto DEF-07. Re-prueba ronda 1 (28/10/2026, Pull Request #7): Aprobado. Evidencia en reprueba/ronda-1/EV-R1-MVC-PER-01.*.
A108: MVC-PER-02 | B108: R07 | C108: Frontend MVC | D108: Persona | E108: Funcional | F108: Alta | G108: Registrar un nuevo registro en personas. | H108: Pantalla de listado abierta. | I108: Pulsar el botón de crear, completar el formulario con datos válidos y guardar. | J108: Se redirige al listado, el registro aparece y queda guardado en la base de datos. | K108: Aprobado | L108: Tras guardar redirige a /Personas con el aviso 'Registro creado correctamente.'; el registro aparece en el listado y en la base ('Valeria'). | M108: EV-MVC-PER-02-formulario.png, EV-MVC-PER-02.png | N108: 46322 | O108: Automatizado
A109: MVC-PER-03 | B109: R09 | C109: Frontend MVC | D109: Persona | E109: Negativa | F109: Alta | G109: Validación del formulario de creación. | H109: Formulario de creación abierto. | I109: Guardar con campos obligatorios vacíos y con valores fuera de rango o de longitud. | J109: Se muestran mensajes de validación junto a cada campo y no se guarda nada. | K109: Aprobado | L109: Formulario vacío: 4 mensajes junto a los campos; valores fuera de rango o longitud: 3 mensajes (El genero debe ser 'M' o 'F'.; El texto supera la longitud permitida.; Introduce un valor dentro del rango permitido.). No se guarda nada (6 -> 6). | M109: EV-MVC-PER-03.png, EV-MVC-PER-03.txt | N109: 46322 | O109: Automatizado
A110: MVC-PER-04 | B110: R09 | C110: Frontend MVC | D110: Persona | E110: Negativa | F110: Media | G110: Creación con clave duplicada. | H110: Registro existente. | I110: Crear un registro con la misma clave de uno existente. | J110: Se muestra un mensaje claro de duplicado, sin error técnico, y no se guarda. | K110: Aprobado | L110: Mensaje: 'Ya existe un registro con ese identificador.'; sin error técnico y sin guardar. | M110: EV-MVC-PER-04.png | N110: 46322 | O110: Automatizado
A111: MVC-PER-05 | B111: R07 | C111: Frontend MVC | D111: Persona | E111: Funcional | F111: Media | G111: Pantalla de detalle. | H111: Registro existente. | I111: Abrir el detalle desde el listado y probar con una clave inexistente en la dirección. | J111: El detalle muestra todos los campos; la clave inexistente muestra una página de no encontrado controlada. | K111: Fallido | L111: El detalle muestra todos los campos. La clave inexistente responde 404 sin contenido (página en blanco). | M111: EV-MVC-PER-05.png, EV-MVC-PER-05-inexistente.png, EV-MVC-PER-05.txt | N111: 46322 | O111: Automatizado | P111: NotFound() sin UseStatusCodePages; la respuesta 404 no tiene cuerpo ni navegación. Defecto DEF-06. Re-prueba ronda 1 (28/10/2026, Pull Request #7): Aprobado. Evidencia en reprueba/ronda-1/EV-R1-MVC-PER-05.*.
A112: MVC-PER-06 | B112: R07 | C112: Frontend MVC | D112: Persona | E112: Funcional | F112: Alta | G112: Edición de un registro. | H112: Registro existente. | I112: Abrir la edición, modificar campos y guardar. | J112: El formulario aparece precargado, la clave no es editable, y los cambios se guardan y se ven en el listado. | K112: Aprobado | L112: Formulario precargado ('Valeria'), clave no editable; el cambio a 'Valeria Editada' se guarda y se ve en el listado. | M112: EV-MVC-PER-06-formulario.png, EV-MVC-PER-06.png | N112: 46322 | O112: Automatizado
A113: MVC-PER-07 | B113: R07 | C113: Frontend MVC | D113: Persona | E113: Funcional | F113: Alta | G113: Eliminación con confirmación. | H113: Registro sin dependencias. | I113: Abrir la eliminación; cancelar; repetir y confirmar. | J113: Cancelar conserva el registro; confirmar lo elimina y vuelve al listado. | K113: Aprobado | L113: Cancelar conserva el registro (1); confirmar lo elimina (0) y vuelve al listado. | M113: EV-MVC-PER-07-confirmacion.png, EV-MVC-PER-07.png | N113: 46322 | O113: Automatizado
A114: MVC-PER-08 | B114: R09 | C114: Frontend MVC | D114: Persona | E114: Integridad | F114: Alta | G114: Eliminación de una persona con teléfonos o estudios. | H114: Registro con dependientes. | I114: Intentar eliminarlo desde la vista. | J114: Se muestra un mensaje claro que explica por qué no se puede eliminar; el registro permanece. | K114: Aprobado | L114: Se muestra 'No se pudo guardar: hay registros relacionados o una referencia que ya no existe.' y el registro 1001 permanece. | M114: EV-MVC-PER-08.png | N114: 46322 | O114: Automatizado | P114: El texto dice 'No se pudo guardar' en una eliminación y no nombra los teléfonos o estudios relacionados; la API usa un mensaje específico. Mejora sugerida: mensaje propio para eliminar.
A115: MVC-TEL-01 | B115: R07 | C115: Frontend MVC | D115: Telefono | E115: Funcional | F115: Alta | G115: Listado de teléfonos. | H115: Aplicación en ejecución con datos de prueba. | I115: Abrir el módulo Teléfonos desde el menú. | J115: Se listan todos los registros con sus campos (num, oper y dueño); sin datos, la pantalla no muestra error. | K115: Aprobado | L115: El menú abre /Telefonos; lista 5 registros (base: 5) con columnas Número, Operador, Dueño. | M115: EV-MVC-TEL-01.png, EV-MVC-TEL-01.txt | N115: 46322 | O115: Automatizado | P115: Sin datos: ver EV-MVC-LISTADO-VACIO.png.
A116: MVC-TEL-02 | B116: R07 | C116: Frontend MVC | D116: Telefono | E116: Funcional | F116: Alta | G116: Registrar un nuevo registro en teléfonos. | H116: Pantalla de listado abierta. | I116: Pulsar el botón de crear, completar el formulario con datos válidos y guardar. | J116: Se redirige al listado, el registro aparece y queda guardado en la base de datos. | K116: Aprobado | L116: Tras guardar redirige a /Telefonos con el aviso 'Registro creado correctamente.'; el registro aparece en el listado y en la base ('Claro'). | M116: EV-MVC-TEL-02-formulario.png, EV-MVC-TEL-02.png | N116: 46322 | O116: Automatizado
A117: MVC-TEL-03 | B117: R09 | C117: Frontend MVC | D117: Telefono | E117: Negativa | F117: Alta | G117: Validación del formulario de creación. | H117: Formulario de creación abierto. | I117: Guardar con campos obligatorios vacíos y con valores fuera de rango o de longitud. | J117: Se muestran mensajes de validación junto a cada campo y no se guarda nada. | K117: Aprobado | L117: Formulario vacío: 3 mensajes junto a los campos; valores fuera de rango o longitud: 3 mensajes (El texto supera la longitud permitida.; Introduce un valor dentro del rango permitido.). No se guarda nada (6 -> 6). | M117: EV-MVC-TEL-03.png, EV-MVC-TEL-03.txt | N117: 46322 | O117: Automatizado
A118: MVC-TEL-04 | B118: R09 | C118: Frontend MVC | D118: Telefono | E118: Negativa | F118: Media | G118: Creación con clave duplicada. | H118: Registro existente. | I118: Crear un registro con la misma clave de uno existente. | J118: Se muestra un mensaje claro de duplicado, sin error técnico, y no se guarda. | K118: Aprobado | L118: Mensaje: 'Ya existe un registro con ese identificador.'; sin error técnico y sin guardar. | M118: EV-MVC-TEL-04.png | N118: 46322 | O118: Automatizado
A119: MVC-TEL-05 | B119: R07 | C119: Frontend MVC | D119: Telefono | E119: Funcional | F119: Media | G119: Pantalla de detalle. | H119: Registro existente. | I119: Abrir el detalle desde el listado y probar con una clave inexistente en la dirección. | J119: El detalle muestra todos los campos; la clave inexistente muestra una página de no encontrado controlada. | K119: Fallido | L119: El detalle muestra todos los campos. La clave inexistente responde 404 sin contenido (página en blanco). | M119: EV-MVC-TEL-05.png, EV-MVC-TEL-05-inexistente.png, EV-MVC-TEL-05.txt | N119: 46322 | O119: Automatizado | P119: NotFound() sin UseStatusCodePages; la respuesta 404 no tiene cuerpo ni navegación. Defecto DEF-06. Re-prueba ronda 1 (28/10/2026, Pull Request #7): Aprobado. Evidencia en reprueba/ronda-1/EV-R1-MVC-TEL-05.*.
A120: MVC-TEL-06 | B120: R07 | C120: Frontend MVC | D120: Telefono | E120: Funcional | F120: Alta | G120: Edición de un registro. | H120: Registro existente. | I120: Abrir la edición, modificar campos y guardar. | J120: El formulario aparece precargado, la clave no es editable, y los cambios se guardan y se ven en el listado. | K120: Aprobado | L120: Formulario precargado ('Claro'), clave no editable; el cambio a 'Movistar' se guarda y se ve en el listado. | M120: EV-MVC-TEL-06-formulario.png, EV-MVC-TEL-06.png | N120: 46322 | O120: Automatizado
A121: MVC-TEL-07 | B121: R07 | C121: Frontend MVC | D121: Telefono | E121: Funcional | F121: Alta | G121: Eliminación con confirmación. | H121: Registro sin dependencias. | I121: Abrir la eliminación; cancelar; repetir y confirmar. | J121: Cancelar conserva el registro; confirmar lo elimina y vuelve al listado. | K121: Aprobado | L121: Cancelar conserva el registro (1); confirmar lo elimina (0) y vuelve al listado. | M121: EV-MVC-TEL-07-confirmacion.png, EV-MVC-TEL-07.png | N121: 46322 | O121: Automatizado
A122: MVC-TEL-08 | B122: R09 | C122: Frontend MVC | D122: Telefono | E122: Integridad | F122: Alta | G122: Selección de la persona propietaria. | H122: Formulario de creación abierto. | I122: Revisar los selectores y luego enviar el formulario con un valor de relación inexistente alterando el dato enviado. | J122: Los selectores muestran las opciones existentes; la referencia inexistente es rechazada con un mensaje claro. | K122: Aprobado | L122: Los selectores listan las 6 opciones existentes; el envío manipulado con referencias inexistentes responde 200 con 'Selecciona una persona existente.' y no se guarda. | M122: EV-MVC-TEL-08-selectores.png, EV-MVC-TEL-08.txt | N122: 46322 | O122: Automatizado
A123: MVC-PRO-01 | B123: R07 | C123: Frontend MVC | D123: Profesion | E123: Funcional | F123: Alta | G123: Listado de profesiones. | H123: Aplicación en ejecución con datos de prueba. | I123: Abrir el módulo Profesiones desde el menú. | J123: Se listan todos los registros con sus campos (id, nom y des); sin datos, la pantalla no muestra error. | K123: Aprobado | L123: El menú abre /Profesiones; lista 4 registros (base: 4) con columnas ID, Nombre, Descripción. | M123: EV-MVC-PRO-01.png, EV-MVC-PRO-01.txt | N123: 46322 | O123: Automatizado | P123: Sin datos: ver EV-MVC-LISTADO-VACIO.png.
A124: MVC-PRO-02 | B124: R07 | C124: Frontend MVC | D124: Profesion | E124: Funcional | F124: Alta | G124: Registrar un nuevo registro en profesiones. | H124: Pantalla de listado abierta. | I124: Pulsar el botón de crear, completar el formulario con datos válidos y guardar. | J124: Se redirige al listado, el registro aparece y queda guardado en la base de datos. | K124: Aprobado | L124: Tras guardar redirige a /Profesiones con el aviso 'Registro creado correctamente.'; el registro aparece en el listado y en la base ('Arquitecto de Software'). | M124: EV-MVC-PRO-02-formulario.png, EV-MVC-PRO-02.png | N124: 46322 | O124: Automatizado
A125: MVC-PRO-03 | B125: R09 | C125: Frontend MVC | D125: Profesion | E125: Negativa | F125: Alta | G125: Validación del formulario de creación. | H125: Formulario de creación abierto. | I125: Guardar con campos obligatorios vacíos y con valores fuera de rango o de longitud. | J125: Se muestran mensajes de validación junto a cada campo y no se guarda nada. | K125: Aprobado | L125: Formulario vacío: 2 mensajes junto a los campos; valores fuera de rango o longitud: 2 mensajes (El texto supera la longitud permitida.; Introduce un valor dentro del rango permitido.). No se guarda nada (5 -> 5). | M125: EV-MVC-PRO-03.png, EV-MVC-PRO-03.txt | N125: 46322 | O125: Automatizado
A126: MVC-PRO-04 | B126: R09 | C126: Frontend MVC | D126: Profesion | E126: Negativa | F126: Media | G126: Creación con clave duplicada. | H126: Registro existente. | I126: Crear un registro con la misma clave de uno existente. | J126: Se muestra un mensaje claro de duplicado, sin error técnico, y no se guarda. | K126: Aprobado | L126: Mensaje: 'Ya existe un registro con ese identificador.'; sin error técnico y sin guardar. | M126: EV-MVC-PRO-04.png | N126: 46322 | O126: Automatizado
A127: MVC-PRO-05 | B127: R07 | C127: Frontend MVC | D127: Profesion | E127: Funcional | F127: Media | G127: Pantalla de detalle. | H127: Registro existente. | I127: Abrir el detalle desde el listado y probar con una clave inexistente en la dirección. | J127: El detalle muestra todos los campos; la clave inexistente muestra una página de no encontrado controlada. | K127: Fallido | L127: El detalle muestra todos los campos. La clave inexistente responde 404 sin contenido (página en blanco). | M127: EV-MVC-PRO-05.png, EV-MVC-PRO-05-inexistente.png, EV-MVC-PRO-05.txt | N127: 46322 | O127: Automatizado | P127: NotFound() sin UseStatusCodePages; la respuesta 404 no tiene cuerpo ni navegación. Defecto DEF-06. Re-prueba ronda 1 (28/10/2026, Pull Request #7): Aprobado. Evidencia en reprueba/ronda-1/EV-R1-MVC-PRO-05.*.
A128: MVC-PRO-06 | B128: R07 | C128: Frontend MVC | D128: Profesion | E128: Funcional | F128: Alta | G128: Edición de un registro. | H128: Registro existente. | I128: Abrir la edición, modificar campos y guardar. | J128: El formulario aparece precargado, la clave no es editable, y los cambios se guardan y se ven en el listado. | K128: Aprobado | L128: Formulario precargado ('Arquitecto de Software'), clave no editable; el cambio a 'Arquitecto de Software Senior' se guarda y se ve en el listado. | M128: EV-MVC-PRO-06-formulario.png, EV-MVC-PRO-06.png | N128: 46322 | O128: Automatizado
A129: MVC-PRO-07 | B129: R07 | C129: Frontend MVC | D129: Profesion | E129: Funcional | F129: Alta | G129: Eliminación con confirmación. | H129: Registro sin dependencias. | I129: Abrir la eliminación; cancelar; repetir y confirmar. | J129: Cancelar conserva el registro; confirmar lo elimina y vuelve al listado. | K129: Aprobado | L129: Cancelar conserva el registro (1); confirmar lo elimina (0) y vuelve al listado. | M129: EV-MVC-PRO-07-confirmacion.png, EV-MVC-PRO-07.png | N129: 46322 | O129: Automatizado
A130: MVC-PRO-08 | B130: R09 | C130: Frontend MVC | D130: Profesion | E130: Integridad | F130: Alta | G130: Eliminación de una profesión con estudios. | H130: Registro con dependientes. | I130: Intentar eliminarlo desde la vista. | J130: Se muestra un mensaje claro que explica por qué no se puede eliminar; el registro permanece. | K130: Aprobado | L130: Se muestra 'No se pudo guardar: hay registros relacionados o una referencia que ya no existe.' y el registro 1 permanece. | M130: EV-MVC-PRO-08.png | N130: 46322 | O130: Automatizado | P130: El texto dice 'No se pudo guardar' en una eliminación y no nombra los teléfonos o estudios relacionados; la API usa un mensaje específico. Mejora sugerida: mensaje propio para eliminar.
A131: MVC-EST-01 | B131: R07 | C131: Frontend MVC | D131: Estudio | E131: Funcional | F131: Alta | G131: Listado de estudios. | H131: Aplicación en ejecución con datos de prueba. | I131: Abrir el módulo Estudios desde el menú. | J131: Se listan todos los registros con sus campos (persona, profesión, fecha y univer); sin datos, la pantalla no muestra error. | K131: Aprobado | L131: El menú abre /Estudios; lista 6 registros (base: 6) con columnas Persona, Profesión, Fecha, Universidad. | M131: EV-MVC-EST-01.png, EV-MVC-EST-01.txt | N131: 46322 | O131: Automatizado | P131: Sin datos: ver EV-MVC-LISTADO-VACIO.png.
A132: MVC-EST-02 | B132: R07 | C132: Frontend MVC | D132: Estudio | E132: Funcional | F132: Alta | G132: Registrar un nuevo registro en estudios. | H132: Pantalla de listado abierta. | I132: Pulsar el botón de crear, completar el formulario con datos válidos y guardar. | J132: Se redirige al listado, el registro aparece y queda guardado en la base de datos. | K132: Aprobado | L132: Tras guardar redirige a /Estudios con el aviso 'Registro creado correctamente.'; el registro aparece en el listado y en la base ('Universidad QA'). | M132: EV-MVC-EST-02-formulario.png, EV-MVC-EST-02.png | N132: 46322 | O132: Automatizado
A133: MVC-EST-03 | B133: R09 | C133: Frontend MVC | D133: Estudio | E133: Negativa | F133: Alta | G133: Validación del formulario de creación. | H133: Formulario de creación abierto. | I133: Guardar con campos obligatorios vacíos y con valores fuera de rango o de longitud. | J133: Se muestran mensajes de validación junto a cada campo y no se guarda nada. | K133: Aprobado | L133: Formulario vacío: 2 mensajes junto a los campos; valores fuera de rango o longitud: 1 mensajes (El texto supera la longitud permitida.). No se guarda nada (7 -> 7). | M133: EV-MVC-EST-03.png, EV-MVC-EST-03.txt | N133: 46322 | O133: Automatizado
A134: MVC-EST-04 | B134: R09 | C134: Frontend MVC | D134: Estudio | E134: Negativa | F134: Media | G134: Creación con clave duplicada. | H134: Registro existente. | I134: Crear un registro con la misma clave de uno existente. | J134: Se muestra un mensaje claro de duplicado, sin error técnico, y no se guarda. | K134: Aprobado | L134: Mensaje: 'Ya existe un registro con ese identificador.'; sin error técnico y sin guardar. | M134: EV-MVC-EST-04.png | N134: 46322 | O134: Automatizado
A135: MVC-EST-05 | B135: R07 | C135: Frontend MVC | D135: Estudio | E135: Funcional | F135: Media | G135: Pantalla de detalle. | H135: Registro existente. | I135: Abrir el detalle desde el listado y probar con una clave inexistente en la dirección. | J135: El detalle muestra todos los campos; la clave inexistente muestra una página de no encontrado controlada. | K135: Fallido | L135: El detalle muestra todos los campos. La clave inexistente responde 404 sin contenido (página en blanco). | M135: EV-MVC-EST-05.png, EV-MVC-EST-05-inexistente.png, EV-MVC-EST-05.txt | N135: 46322 | O135: Automatizado | P135: NotFound() sin UseStatusCodePages; la respuesta 404 no tiene cuerpo ni navegación. Defecto DEF-06. Re-prueba ronda 1 (28/10/2026, Pull Request #7): Aprobado. Evidencia en reprueba/ronda-1/EV-R1-MVC-EST-05.*.
A136: MVC-EST-06 | B136: R07 | C136: Frontend MVC | D136: Estudio | E136: Funcional | F136: Alta | G136: Edición de un registro. | H136: Registro existente. | I136: Abrir la edición, modificar campos y guardar. | J136: El formulario aparece precargado, la clave no es editable, y los cambios se guardan y se ven en el listado. | K136: Aprobado | L136: Formulario precargado ('Universidad QA'), clave no editable; el cambio a 'Universidad QA Editada' se guarda y se ve en el listado. | M136: EV-MVC-EST-06-formulario.png, EV-MVC-EST-06.png | N136: 46322 | O136: Automatizado
A137: MVC-EST-07 | B137: R07 | C137: Frontend MVC | D137: Estudio | E137: Funcional | F137: Alta | G137: Eliminación con confirmación. | H137: Registro sin dependencias. | I137: Abrir la eliminación; cancelar; repetir y confirmar. | J137: Cancelar conserva el registro; confirmar lo elimina y vuelve al listado. | K137: Aprobado | L137: Cancelar conserva el registro (1); confirmar lo elimina (0) y vuelve al listado. | M137: EV-MVC-EST-07-confirmacion.png, EV-MVC-EST-07.png | N137: 46322 | O137: Automatizado
A138: MVC-EST-08 | B138: R09 | C138: Frontend MVC | D138: Estudio | E138: Integridad | F138: Alta | G138: Selección de la persona y la profesión. | H138: Formulario de creación abierto. | I138: Revisar los selectores y luego enviar el formulario con un valor de relación inexistente alterando el dato enviado. | J138: Los selectores muestran las opciones existentes; la referencia inexistente es rechazada con un mensaje claro. | K138: Aprobado | L138: Los selectores listan las 6 opciones existentes; el envío manipulado con referencias inexistentes responde 200 con 'Selecciona una profesión existente.; Selecciona una persona existente.' y no se guarda. | M138: EV-MVC-EST-08-selectores.png, EV-MVC-EST-08.txt | N138: 46322 | O138: Automatizado
A139: MVC-GEN-01 | B139: R07 | C139: Frontend MVC | D139: General | E139: Funcional | F139: Alta | G139: Navegación entre módulos. | H139: Aplicación en ejecución. | I139: Usar el menú para ir a Inicio y a los 4 módulos. | J139: Todos los enlaces funcionan y no hay páginas rotas. | K139: Aprobado | L139: Inicio y 5 enlaces del menú responden 200: Inicio; Personas; Teléfonos; Profesiones; Estudios; Marca (Inicio). | M139: EV-MVC-GEN-01.txt | N139: 46322 | O139: Automatizado
A140: MVC-GEN-02 | B140: R07 | C140: Frontend MVC | D140: General | E140: Funcional | F140: Media | G140: Página de inicio. | H140: Aplicación en ejecución. | I140: Abrir la página principal. | J140: Se muestra la página de inicio con acceso a los 4 módulos. | K140: Aprobado | L140: La página de inicio muestra 'Módulos del sistema' con acceso a Personas, Teléfonos, Profesiones, Estudios. | M140: EV-MVC-GEN-02.png | N140: 46322 | O140: Automatizado
A141: MVC-GEN-03 | B141: R07 | C141: Frontend MVC | D141: General | E141: Revisión | F141: Media | G141: Consistencia con el diseño de pantallas del equipo. | H141: Diseño de las pantallas disponible. | I141: Comparar cada pantalla implementada con el diseño. | J141: Las pantallas respetan el diseño; las diferencias quedan registradas. | K141: Aprobado | L141: Las 21 pantallas siguen el diseño de Figma: menú lateral oscuro con la opción activa, título 'Módulo / Acción' con subtítulo, tarjeta blanca, campos en dos columnas, botón principal azul y confirmación de eliminación en recuadro rojo claro. Las diferencias son de texto y de controles de formulario. | M141: figma/EV-MVC-GEN-03-comparacion-*.png, figma/EV-MVC-GEN-03-figma-*.png, EV-MVC-GEN-03.txt | N141: 46322 | O141: Automatizado | P141: Diferencias registradas en la evidencia: enlace Eliminar en los listados, títulos y preguntas de eliminación, títulos de tarjeta en singular y listas desplegables en lugar de campos de texto. El recuadro de error vacío ya está registrado como DEF-09. Revisión asistida: confirmar el criterio con el responsable de QA.
A142: MVC-GEN-04 | B142: R07 | C142: Frontend MVC | D142: General | E142: Compatibilidad | F142: Media | G142: Visualización en distintos tamaños de pantalla. | H142: Aplicación en ejecución. | I142: Revisar listados y formularios en ancho de escritorio, tableta y móvil. | J142: El contenido es legible y utilizable, sin desbordes horizontales. | K142: Aprobado | L142: En 1366, 768 y 375 px ninguna página desborda horizontalmente; en tableta y móvil el menú lateral pasa a la parte superior, los formularios quedan en una columna y las tablas se desplazan dentro de su contenedor. El texto es legible (letra mínima 12 px). | M142: EV-MVC-GEN-04-*.png, EV-MVC-GEN-04-resumen-vacio.png, EV-MVC-GEN-04.txt | N142: 46322 | O142: Automatizado | P142: En móvil la columna Acciones de los listados queda fuera de la vista y requiere desplazar la tabla; no hay indicación visual de que se puede desplazar. Hallazgo visual en todos los anchos: /Personas/Create:, /Profesiones/Create: muestran un recuadro de error vacío antes de enviar el formulario. Revisión asistida: confirmar el criterio con el responsable de QA. Defecto DEF-09. Re-prueba ronda 1 (28/10/2026, Pull Request #7): Aprobado. Evidencia en reprueba/ronda-1/EV-R1-MVC-GEN-04.*.
A143: MVC-GEN-05 | B143: R07 | C143: Frontend MVC | D143: General | E143: Compatibilidad | F143: Baja | G143: Visualización en distintos navegadores. | H143: Aplicación en ejecución. | I143: Repetir un flujo completo en Chrome, Edge y Firefox. | J143: El comportamiento es equivalente en los tres navegadores. | K143: Aprobado | L143: El flujo completo (inicio, validación, alta con selectores y fecha, edición, detalle, rechazo por dependientes y eliminación) se comporta igual en: Chromium (Chrome/Edge) 156.0.8078.4: 10/10 pasos; Firefox 157.0: 10/10 pasos; WebKit (Safari) 27.2: 10/10 pasos. Sin errores de consola. | M143: EV-MVC-GEN-05-*.png, EV-MVC-GEN-05.txt | N143: 46322 | O143: Automatizado | P143: Chrome y Edge no están instalados en el equipo de pruebas; se usaron los motores de Playwright: Chromium (el de Chrome y Edge), Firefox y WebKit (el de Safari), sin interfaz grafica.
A144: MVC-GEN-06 | B144: R09 | C144: Frontend MVC | D144: General | E144: Seguridad | F144: Media | G144: Protección contra falsificación de solicitudes en formularios. | H144: Aplicación en ejecución. | I144: Enviar un POST de un formulario sin el token antifalsificación. | J144: La solicitud es rechazada y no se modifica ningún dato. | K144: Aprobado | L144: POST de creación y de eliminación sin token responden 400 y 400; no se modifican datos (6 -> 6). | M144: EV-MVC-GEN-06.txt | N144: 46322 | O144: Automatizado
A145: MVC-GEN-07 | B145: R07 | C145: Frontend MVC | D145: General | E145: Negativa | F145: Media | G145: Dirección inexistente. | H145: Aplicación en ejecución. | I145: Abrir una ruta que no existe. | J145: Se muestra una página de error controlada, sin detalles técnicos. | K145: Fallido | L145: Responde 404 sin contenido (página en blanco), sin detalles técnicos pero sin página propia ni enlace de regreso. | M145: EV-MVC-GEN-07.png, EV-MVC-GEN-07.txt | N145: 46322 | O145: Automatizado | P145: Propuesta: app.UseStatusCodePagesWithReExecute("/Home/Error") o una vista NotFound. Defecto DEF-06. Re-prueba ronda 1 (28/10/2026, Pull Request #7): Aprobado. Evidencia en reprueba/ronda-1/EV-R1-MVC-GEN-07.*.
A146: MVC-GEN-08 | B146: R07 | C146: Frontend MVC | D146: General | E146: Funcional | F146: Baja | G146: Validación del lado del cliente. | H146: Formularios abiertos. | I146: Dejar campos inválidos y observar la validación antes de enviar. | J146: La validación en el navegador es coherente con la del servidor. | K146: Aprobado | L146: En los 4 formularios la validación del navegador muestra los mensajes antes de enviar y bloquea el POST; los campos rechazados coinciden con los del servidor. | M146: EV-MVC-GEN-08.png, EV-MVC-GEN-08.txt | N146: 46322 | O146: Automatizado | P146: Los textos difieren levemente: el navegador nombra el campo ('El campo «Nombre» es obligatorio.') y el servidor usa 'Este campo es obligatorio.'.
A147: INT-01 | B147: R08 | C147: Integración | D147: General | E147: Integración | F147: Alta | G147: Registro creado en la vista visible en la API. | H147: Aplicación y API en ejecución. | I147: Crear un registro desde la vista y consultarlo con GET en la API. | J147: El registro aparece en la API con los mismos datos. | K147: Aprobado | L147: Persona creada en la vista; GET /api/personas/2401 responde 200 con los mismos datos. | M147: EV-INT-01.txt | N147: 46322 | O147: Automatizado
A148: INT-02 | B148: R08 | C148: Integración | D148: General | E148: Integración | F148: Alta | G148: Registro creado en la API visible en la vista. | H148: Aplicación y API en ejecución. | I148: Crear un registro con POST en la API y abrir el listado en la vista. | J148: El registro aparece en el listado. | K148: Aprobado | L148: POST 201; la persona 2402 aparece en el listado de la vista. | M148: EV-INT-02.png, EV-INT-02.txt | N148: 46322 | O148: Automatizado
A149: INT-03 | B149: R08 | C149: Integración | D149: General | E149: Integración | F149: Alta | G149: Modificación en la vista reflejada en la API y viceversa. | H149: Registro existente. | I149: Editar desde la vista y consultar la API; luego editar con PUT y revisar la vista. | J149: Ambos lados muestran siempre el dato más reciente. | K149: Aprobado | L149: La edición en la vista se ve en la API ('EditadaVista'); el PUT (204) se ve en el detalle de la vista. | M149: EV-INT-03.txt | N149: 46322 | O149: Automatizado
A150: INT-04 | B150: R08 | C150: Integración | D150: General | E150: Integración | F150: Alta | G150: Eliminación en un canal reflejada en el otro. | H150: Registros de prueba sin dependientes. | I150: Eliminar uno desde la vista y comprobar con la API; eliminar otro con la API y comprobar en la vista. | J150: El registro eliminado desaparece en ambos canales. | K150: Aprobado | L150: Eliminada en la vista: la API responde 404. Eliminada con la API (204): desaparece del listado. | M150: EV-INT-04.txt | N150: 46322 | O150: Automatizado
A151: INT-05 | B151: R09 | C151: Integración | D151: General | E151: Integración | F151: Media | G151: Reglas de negocio coherentes entre vista y API. | H151: Datos de prueba con dependencias y claves existentes. | I151: Repetir en vista y en API los casos de clave duplicada, referencia inexistente y eliminación con dependientes. | J151: Ambos canales rechazan los mismos casos; la vista con mensaje y la API con 400 o 409. | K151: Aprobado | L151: Ambos canales rechazan los 3 casos: duplicado (vista con mensaje, API 409), referencia inexistente (vista con mensaje, API 400) y eliminación con dependientes (vista con mensaje, API 409). | M151: EV-INT-05.txt | N151: 46322 | O151: Automatizado
A152: INT-06 | B152: R08 | C152: Integración | D152: General | E152: Integración | F152: Alta | G152: Flujo completo de extremo a extremo. | H152: Base de datos con datos de prueba. | I152: Crear una persona, un teléfono, una profesión y un estudio; consultarlos; luego eliminarlos en orden inverso. | J152: Todo el flujo se completa sin errores, respetando las relaciones. | K152: Aprobado | L152: Persona, teléfono, profesión y estudio creados desde las vistas, consultados por la API (4 x 200) y eliminados en orden inverso sin errores; no quedan registros. | M152: EV-INT-06.png, EV-INT-06.txt | N152: 46322 | O152: Automatizado
A153: INT-07 | B153: R08 | C153: Integración | D153: General | E153: Funcional | F153: Media | G153: Persistencia tras reiniciar la aplicación. | H153: Registros creados desde la vista y la API. | I153: Reiniciar la aplicación y revisar listados. | J153: Los registros siguen presentes. | K153: Aprobado | L153: Tras detener y reiniciar la aplicación, los registros creados desde la vista (2420) y la API (2421) siguen en el listado. | M153: EV-INT-07.txt | N153: 46322 | O153: Automatizado
A154: INT-08 | B154: R08 | C154: Integración | D154: General | E154: Negativa | F154: Media | G154: Recuperación tras una caída de SQL Server. | H154: Aplicación en ejecución. | I154: Detener SQL Server, solicitar un listado, reiniciar SQL Server y solicitar de nuevo. | J154: Durante la caída hay un error controlado; al volver el servicio la aplicación funciona sin reiniciarse. | K154: Aprobado | L154: Durante la caída la vista muestra un error controlado (503); al volver SQL Server la vista (200, 7 filas) y la API (200) funcionan sin reiniciar la aplicación. | M154: EV-BK-09-vista.png, EV-INT-08-recuperacion.png, EV-INT-08.txt | N154: 46322 | O154: Automatizado | P154: La API durante la caída responde 500 con la traza (ver BK-09). Re-prueba ronda 2 (28/10/2026, Pull Request #9, #10 y #11): Aprobado. Evidencia en reprueba/ronda-2/EV-R2-INT-08.*.
A155: ENT-01 | B155: R10 | C155: Repositorio y entrega | D155: General | E155: Revisión | F155: Alta | G155: Repositorio público con el nombre indicado en el enunciado. | H155: Acceso a GitHub. | I155: Abrir la URL del repositorio sin iniciar sesión. | J155: El repositorio personapi-dotnet es público y accesible. | K155: Aprobado | L155: La API de GitHub sin autenticación responde 200: personapi-dotnet, visibilidad public; ramas main, feature/backend y feature/frontend-mvc. | M155: EV-ENT-01.txt | N155: 46322 | O155: Automatizado
A156: ENT-02 | B156: R10 | C156: Repositorio y entrega | D156: General | E156: Revisión | F156: Alta | G156: Colaboradores del grupo con acceso. | H156: Acceso a GitHub. | I156: Revisar los colaboradores y las invitaciones. | J156: Los tres integrantes tienen acceso de colaboración aceptado. | K156: Aprobado | L156: Colaboradores con acceso aceptado: santiagohb2830, DresssOrtiz, ElTomi016 (3 integrantes). | M156: EV-ENT-02.txt | N156: 46322 | O156: Automatizado | P156: La correspondencia de cuentas es DresssOrtiz (Andrés Ortiz, propietario), ElTomi016 (Tomás Ramírez) y santiagohb2830 (Santiago Hernández). Las invitaciones pendientes requieren permisos de administrador.
A157: ENT-03 | B157: R10 | C157: Repositorio y entrega | D157: General | E157: Revisión | F157: Alta | G157: Contenido del README. | H157: Repositorio disponible. | I157: Leer el README completo. | J157: Incluye descripción, requisitos, creación de la base de datos, cadena de conexión, ejecución y rutas de la aplicación y de Swagger. | K157: Aprobado | L157: El README incluye descripción, stack, requisitos, creación de la base (Docker y SSMS), cadena de conexión, compilación, ejecución, rutas de la aplicación y de Swagger, tabla de endpoints y despliegue. | M157: EV-ENT-03.txt | N157: 46322 | O157: Automatizado | P157: No advierte que el DDL elimina las tablas (BD-08), no menciona el ajuste en LocalDB (BD-07) y no describe las vistas MVC porque el frontend aún no está en main.
A158: ENT-04 | B158: R10 | C158: Repositorio y entrega | D158: General | E158: Funcional | F158: Alta | G158: Reproducibilidad desde cero siguiendo el README. | H158: Equipo sin el proyecto previo. | I158: Clonar el repositorio, crear la base de datos con DDL y DML, configurar la conexión y ejecutar. | J158: La aplicación y Swagger funcionan siguiendo únicamente el README. | K158: Aprobado | L158: Siguiendo solo el README (opción Docker) se crea la base, se compila y se ejecuta; la aplicación y Swagger funcionan (BD-01, BD-09, BK-02, BK-03 y SW-01 aprobados). | M158: EV-ENT-04.txt | N158: 46322 | O158: Automatizado | P158: La sección Despliegue del README falla con el comando literal (ENT-08). Requiere instalar el SDK de .NET 6, fuera de soporte. No se probo la opción B (SQL Server Express en Windows).
A159: ENT-05 | B159: R10 | C159: Repositorio y entrega | D159: General | E159: Revisión | F159: Media | G159: Archivos que no deben estar en el repositorio. | H159: Repositorio disponible. | I159: Buscar carpetas de compilación, archivos temporales y credenciales reales. | J159: No hay binarios de compilación ni credenciales personales; las contraseñas de ejemplo están documentadas como tales. | K159: Aprobado | L159: No hay bin/, obj/ ni archivos temporales versionados en main ni en feature/frontend-mvc. La única credencial es la contraseña de ejemplo del contenedor Docker del README (usuario sa) en appsettings.json. | M159: EV-ENT-05.txt | N159: 46322 | O159: Automatizado | P159: La contraseña coincide con el ejemplo del README, pero el archivo no la identifica como valor de ejemplo. Mejora sugerida: dejar la cadena sin contraseña y usar ConnectionStrings__PersonaDb o user-secrets, y un usuario distinto de sa.
A160: ENT-06 | B160: R10 | C160: Repositorio y entrega | D160: General | E160: Revisión | F160: Media | G160: Scripts de base de datos versionados. | H160: Repositorio disponible. | I160: Verificar que el DDL y el DML del repositorio son los mismos que se probaron. | J160: Los scripts del repositorio se ejecutan sin modificaciones locales. | K160: Aprobado | L160: db/01_ddl.sql y db/02_dml.sql del repositorio se ejecutaron sin cambios locales en Docker (BD-01, BD-09); la rama del PR no los modifica. | M160: EV-ENT-06.txt | N160: 46322 | O160: Automatizado | P160: El documento (sec. 3.2 y 3.8) indica que en el equipo de Andrés se uso una versión local del DDL sin ALTER AUTHORIZATION, no versionada.
...

Sheet Defectos
A1: ID | B1: Fecha | C1: Caso(s) | D1: Req. | E1: Área | F1: Descripción del defecto | G1: Pasos para reproducir | H1: Esperado vs. obtenido | I1: Severidad | J1: Estado | K1: Responsable de corrección | L1: Evidencia | M1: Observaciones
A2: DEF-01 | B2: 46323 | C2: API-GEN-05 | D2: R09 | E2: API REST | F2: Dos POST simultáneos con la misma clave devuelven 500 en el segundo en lugar de 409. | G2: 1. Levantar main con dotnet run. 2. Enviar a la vez dos POST /api/personas con el mismo cc (p. ej. 2050). 3. Repetir 20 veces con claves distintas (QA/tests/api/api_tests.py). | H2: Esperado: 201 y 409, sin error 500. Obtenido: 201 y 500 en 20 de 20 pares; el 500 incluye la traza DbUpdateException/SqlException 2627 (PK_persona). No se crean duplicados. | I2: Media | J2: Verificado | K2: Tomás | L2: EV-API-GEN-05.txt | M2: Causa: el controlador consulta ExistsAsync y luego inserta (condición de carrera). Propuesta: capturar DbUpdateException con SqlException.Number 2627/2601 en Create y responder 409 (mismo patron que MvcControllerBase.SaveAsync). Aplica a los 4 controladores REST. Corregido por Tomás Ramírez (Pull Request #9, #10 y #11) y verificado por QA el 28/10/2026 en la re-prueba ronda 2.
A3: DEF-02 | B3: 46323 | C3: ENT-08 | D3: R10 | E3: Repositorio y entrega | F3: El comando de despliegue del README inicia la aplicación sin cadena de conexión y todas las solicitudes a datos responden 500. | G3: 1. dotnet publish personapi-dotnet/personapi-dotnet.csproj -c Release -o publish. 2. Desde la raiz: ASPNETCORE_URLS=http://localhost:5025 dotnet publish/personapi-dotnet.dll. 3. GET /api/personas. | H3: Esperado: la aplicación publicada responde igual que en desarrollo. Obtenido: 500; log: ArgumentNullException (Parameter 'connectionString'). El content root es la carpeta actual y no carga publish/appsettings.json. Desde la carpeta publish responde 200. | I3: Media | J3: Verificado | K3: Tomás | L3: EV-ENT-08.txt | M3: Propuesta: cambiar el README a 'cd publish && ASPNETCORE_URLS=... dotnet personapi-dotnet.dll' o agregar --contentRoot publish; alternativamente indicar ConnectionStrings__PersonaDb. Corregido por Tomás Ramírez (Pull Request #9, #10 y #11) y verificado por QA el 28/10/2026 en la re-prueba ronda 2.
A4: DEF-03 | B4: 46323 | C4: BK-09 | D4: R03 | E4: Backend y DAO | F4: Con SQL Server detenido, la API responde 500 con la traza completa de la excepción. | G4: 1. Ejecutar la rama feature/frontend-mvc con dotnet run (entorno Development según el README). 2. docker stop persona-sql. 3. GET /api/personas. | H4: Esperado: error controlado sin detalles internos. Obtenido: la vista responde 503 con mensaje controlado, pero la API responde 500 text/plain con SqlException y la pila de llamadas. No se exponen credenciales. | I4: Baja | J4: Verificado | K4: Tomás | L4: EV-BK-09.txt, EV-BK-09-vista.png | M4: Se presenta en Development (página de excepciones del desarrollador). Propuesta: filtro o middleware para /api que devuelva ProblemDetails 503 ante SqlException en todos los entornos, como ya hace MvcControllerBase para las vistas. Corregido por Tomás Ramírez (Pull Request #9, #10 y #11) y verificado por QA el 28/10/2026 en la re-prueba ronda 2.
A5: DEF-04 | B5: 46323 | C5: BD-08 | D5: R01 | E5: Base de datos | F5: Re-ejecutar el DDL borra las 4 tablas y sus datos sin advertencia en el README ni en el script. | G5: 1. Ejecutar 01_ddl.sql y 02_dml.sql. 2. Ejecutar de nuevo 01_ddl.sql. 3. SELECT COUNT(*) de persona. | H5: Esperado: comportamiento documentado. Obtenido: DROP TABLE de las 4 tablas, persona pasa de 5 a 0 registros; el DML restaura los datos, pero el README no lo advierte. | I5: Baja | J5: Verificado | K5: Tomás | L5: EV-BD-08.txt | M5: Propuesta: advertir en el README y en el encabezado de 01_ddl.sql que el script recrea las tablas, o crear las tablas solo si no existen. Corregido por Tomás Ramírez (Pull Request #9, #10 y #11) y verificado por QA el 28/10/2026 en la re-prueba ronda 2.
A6: DEF-05 | B6: 46323 | C6: BD-07 | D6: R01 | E6: Base de datos | F6: ALTER AUTHORIZATION ... TO sa hace fallar el DDL cuando el usuario no tiene permisos sobre sa; el README no documenta el ajuste usado en LocalDB. | G6: 1. Crear un login con rol dbcreator (sin sysadmin). 2. Ejecutar 01_ddl.sql sin cambios con ese login (QA/tests/db/bd07_entornos.py). | H6: Esperado: el script corre sin cambios o el ajuste queda documentado. Obtenido: Msg 15151 'Cannot find the principal sa...' y el DDL se detiene. El documento (sec. 3.2) indica que en LocalDB se quito esa instrucción manualmente. | I6: Baja | J6: Corregido | K6: Tomás | L6: EV-BD-07.txt | M6: No se reprodujo en LocalDB (no disponible en macOS); el fallo se reprodujo con un login sin sysadmin. Propuesta: quitar ALTER AUTHORIZATION o envolverlo en IF IS_SRVROLEMEMBER('sysadmin') = 1, y documentar LocalDB en el README. Corregido por Tomás Ramírez (Pull Request #9, #10 y #11) y comprobado por QA el 28/10/2026 solo en parte en la re-prueba ronda 2. Falta ejecutar BD-07 en Windows con SQL Server Express o LocalDB.
A7: DEF-06 | B7: 46323 | C7: MVC-PER-05, MVC-TEL-05, MVC-PRO-05, MVC-EST-05, MVC-GEN-07 | D7: R07 | E7: Frontend MVC | F7: Las claves y rutas inexistentes devuelven 404 sin contenido; el usuario ve una página en blanco o la página genérica del navegador. | G7: 1. Ejecutar feature/frontend-mvc. 2. Abrir /Personas/Details?cc=999999 o /RutaQueNoExiste/Accion. | H7: Esperado: página de no encontrado controlada. Obtenido: HTTP 404 sin cuerpo, sin layout ni enlace para volver. | I7: Baja | J7: Verificado | K7: Andrés | L7: EV-MVC-PER-05-inexistente.png, EV-MVC-GEN-07.png | M7: Propuesta: app.UseStatusCodePagesWithReExecute("/Home/Error", "?code={0}") en Program.cs y una vista de no encontrado con el layout de la aplicación. Corregido por Andrés Ortiz (Pull Request #7) y verificado por QA el 28/10/2026 en la re-prueba ronda 1.
A8: DEF-07 | B8: 46323 | C8: MVC-PER-01 | D8: R07 | E8: Frontend MVC | F8: El listado de personas no muestra la columna edad. | G8: 1. Abrir /Personas desde el menú. | H8: Esperado: columnas cc, nombre, apellido, genero y edad. Obtenido: Cédula, Nombre, Apellido, Genero y Acciones; la edad solo aparece en Detalles. | I8: Baja | J8: Verificado | K8: Andrés | L8: EV-MVC-PER-01.png | M8: El diseño de Figma (Personas · Listado) tampoco incluye la edad, asi que la omisión sigue el diseño. Propuesta: agregar <th>Edad</th> y <td>@item.Edad</td> en Views/Personas/Index.cshtml, o ajustar el caso MVC-PER-01 si el equipo mantiene el diseño. Corregido por Andrés Ortiz (Pull Request #7) y verificado por QA el 28/10/2026 en la re-prueba ronda 1.
A9: DEF-08 | B9: 46323 | C9: ENT-11 | D9: R11 | E9: Repositorio y entrega | F9: El documento conserva 8 marcadores de captura sin completar y las figuras no están numeradas. | G9: 1. Abrir el documento del laboratorio. 2. Buscar el texto '*[' y 'Figura X'. | H9: Esperado: ningún marcador pendiente y figuras numeradas. Obtenido: marcadores en las secciones 2.4, 2.5, 3.2, 3.3, 3.5, 3.6 y 3.7 (dos); los pies de figura usan 'Figura X'. | I9: Baja | J9: Abierto | K9: Andrés | L9: EV-ENT-11.txt | M9: La sección 3.9 ya incluye sus capturas. Las capturas de QA en evidencias/ (p. ej. EV-SW-01.png, EV-BD-09.txt, pantallas/EV-MVC-GEN-03-*.png) pueden usarse para los demas marcadores. Numerar las figuras y tablas al cerrar el documento.
A10: DEF-09 | B10: 46323 | C10: MVC-GEN-04 | D10: R07 | E10: Frontend MVC | F10: Los formularios de creación de personas y profesiones muestran un recuadro de error vacío antes de enviar. | G10: 1. Abrir /Personas/Create o /Profesiones/Create sin enviar datos. | H10: Esperado: sin resumen de errores hasta enviar. Obtenido: div de validación con la clase validation-summary-errors y un recuadro rojo vacío de 24 px en los tres anchos. | I10: Baja | J10: Verificado | K10: Andrés | L10: EV-MVC-GEN-04-resumen-vacio.png, EV-MVC-GEN-04.txt | M10: Hallazgo visual durante MVC-GEN-04; no impide usar el formulario. Causa probable: el GET de Create llama a ModelState.SetModelValue para dejar la clave vacía y el estado queda sin validar. Propuesta: quitar esa llamada (por ejemplo, mostrar la clave vacía con un DTO de vista con clave nullable) o renderizar el resumen solo si hay errores. Corregido por Andrés Ortiz (Pull Request #7) y verificado por QA el 28/10/2026 en la re-prueba ronda 1.
A11: DEF-10 | B11: 46323 | C11: SW-09 | D11: R06 | E11: Swagger | F11: Swagger no muestra resumenes de las operaciones ni descripciones de parametros y campos. | G11: 1. Abrir /swagger. 2. Revisar operaciones y esquemas (o swagger.json). | H11: Esperado: un tercero entiende y prueba la API sin explicacion adicional. Obtenido: 0 de 20 operaciones con resumen y 0 de 15 propiedades con descripción; campos como duenio, oper, nom o univer no se explican. | I11: Baja | J11: Verificado | K11: Tomás | L11: EV-SW-09.txt, EV-SW-01.png | M11: Propuesta: <GenerateDocumentationFile>true</GenerateDocumentationFile> en el .csproj, options.IncludeXmlComments(...) en AddSwaggerGen y comentarios /// en controladores y DTO (ya existen 4 en los DTO). Corregido por Tomás Ramírez (Pull Request #9, #10 y #11) y verificado por QA el 28/10/2026 en la re-prueba ronda 2.
A12: DEF-11 | B12: 46323 | C12: ENT-12 | D12: R11 | E12: Repositorio y entrega | F12: El documento aplica el estilo Titulo 2 a parrafos de cuerpo y sus referencias están incompletas. | G12: 1. Abrir el documento en Google Docs y revisar el esquema, los estilos de parrafo y las referencias. | H12: Esperado: formato uniforme y referencias completas. Obtenido: 38 parrafos de cuerpo con estilo Titulo 2 (aparecen en el esquema como titulos) y referencias marcadas como preliminares. | I12: Baja | J12: Abierto | K12: Andrés | L12: EV-ENT-12.txt | M12: La versión en linea ya corrigio las mayusculas de 1.2 y no menciona a Codex. Propuesta: aplicar Texto normal a los parrafos de cuerpo y un estilo de pie a las figuras, y completar las referencias en APA (ASP.NET Core MVC, EF Core, SQL Server, Swashbuckle).
